id,block,far_mean,far_median,far_max,far_stddev,ladu_mean,ladu_median,ladu_stddev,os_mean,os_median,os_stddev,far_1,far_2,far_3,far_4,far_5,far_6,far_7,far_8,far_9,far_10,far_11,far_12,far_13,far_14,far_15,far_16,far_17,far_18,far_19,far_20,far_21,far_22,far_23,far_24,far_25,far_26,far_27,far_28,far_29,far_30,far_31,far_32,far_33,far_34,far_35,far_36,far_37,far_38,far_39,far_40,far_41,far_42,far_43,far_44,far_45,far_46,far_47,far_48,far_49,far_50,far_51,far_52,far_53,far_54,far_55,far_56,far_57,far_58,far_59,far_60,far_61,far_62,far_63,far_64,far_65,far_66,far_67,far_68,far_69,far_70,far_71,far_72,far_73,far_74,far_75,far_76,far_77,far_78,far_79,far_80,far_81,far_82,far_83,far_84,far_85,far_86,far_87,far_88,far_89,far_90,far_91,far_92,far_93,far_94,far_95,far_96,far_97,far_98,far_99
1,400,1.26,1.36,2.16,0.77,3119.78,1471.0,3055.31,46.55,37.59,19.3,0.29,0.31,0.34,0.36,0.38,0.4,0.42,0.44,0.47,0.49,0.51,0.53,0.55,0.58,0.6,0.62,0.64,0.66,0.68,0.71,0.73,0.75,0.77,0.79,0.82,0.84,0.86,0.88,0.9,0.92,0.95,0.97,0.99,1.01,1.03,1.05,1.08,1.1,1.12,1.14,1.16,1.19,1.21,1.23,1.25,1.27,1.29,1.32,1.34,1.36,1.38,1.39,1.41,1.42,1.44,1.46,1.47,1.49,1.5,1.52,1.54,1.55,1.57,1.58,1.6,1.62,1.63,1.65,1.66,1.68,1.7,1.71,1.73,1.74,1.76,1.78,1.79,1.81,1.82,1.84,1.86,1.87,1.89,1.9,1.92,1.94,1.95,1.97,1.98,2.0,2.02,2.03,2.05,2.06,2.08,2.1,2.11,2.13,2.14
2,416,1.4,1.2,2.82,0.77,1464.91,1249.5,1248.76,41.69,45.23,18.48,0.3,0.34,0.38,0.42,0.46,0.5,0.54,0.58,0.62,0.66,0.67,0.68,0.69,0.7,0.71,0.72,0.73,0.74,0.75,0.76,0.79,0.81,0.84,0.87,0.9,0.92,0.95,0.98,1.0,1.03,1.03,1.03,1.03,1.03,1.04,1.04,1.04,1.04,1.04,1.04,1.06,1.07,1.09,1.1,1.12,1.14,1.15,1.17,1.18,1.2,1.23,1.25,1.28,1.3,1.33,1.36,1.38,1.41,1.43,1.46,1.47,1.48,1.49,1.5,1.5,1.51,1.52,1.53,1.54,1.55,1.6,1.64,1.68,1.73,1.78,1.82,1.87,1.91,1.96,2.0,2.07,2.13,2.2,2.26,2.33,2.39,2.45,2.52,2.58,2.65,2.67,2.68,2.7,2.72,2.74,2.75,2.77,2.79,2.8
4,461,1.16,1.16,1.16,0.0,1125.0,1125.0,0.0,55.82,55.82,0.0,1.16,1.16,1.16,1.16,1.16,1.16,1.16,1.16,1.16,1.16,1.16,1.16,1.16,1.16,1.16,1.16,1.16,1.16,1.16,1.16,1.16,1.16,1.16,1.16,1.16,1.16,1.16,1.16,1.16,1.16,1.16,1.16,1.16,1.16,1.16,1.16,1.16,1.16,1.16,1.16,1.16,1.16,1.16,1.16,1.16,1.16,1.16,1.16,1.16,1.16,1.16,1.16,1.16,1.16,1.16,1.16,1.16,1.16,1.16,1.16,1.16,1.16,1.16,1.16,1.16,1.16,1.16,1.16,1.16,1.16,1.16,1.16,1.16,1.16,1.16,1.16,1.16,1.16,1.16,1.16,1.16,1.16,1.16,1.16,1.16,1.16,1.16,1.16,1.16,1.16,1.16,1.16,1.16,1.16,1.16,1.16,1.16,1.16,1.16
17,370,1.02,0.94,2.09,0.7,7035.04,2609.5,8978.78,57.56,58.94,28.3,0.05,0.07,0.1,0.13,0.16,0.18,0.21,0.24,0.26,0.29,0.29,0.29,0.29,0.29,0.3,0.3,0.3,0.3,0.3,0.3,0.31,0.31,0.32,0.33,0.34,0.34,0.35,0.36,0.36,0.37,0.41,0.45,0.48,0.52,0.56,0.6,0.64,0.67,0.71,0.75,0.77,0.79,0.81,0.83,0.84,0.86,0.88,0.9,0.92,0.94,0.97,1.0,1.03,1.06,1.08,1.11,1.14,1.17,1.2,1.23,1.27,1.3,1.34,1.37,1.41,1.45,1.48,1.52,1.55,1.59,1.6,1.62,1.64,1.65,1.66,1.68,1.69,1.71,1.72,1.74,1.75,1.77,1.78,1.8,1.81,1.82,1.84,1.85,1.87,1.88,1.9,1.92,1.94,1.96,1.98,2.01,2.03,2.05,2.07
18,352,0.77,0.76,1.11,0.25,7175.6,7957.0,2502.8,27.76,24.25,19.57,0.37,0.39,0.4,0.42,0.43,0.44,0.46,0.47,0.49,0.5,0.51,0.53,0.54,0.56,0.57,0.58,0.6,0.61,0.63,0.64,0.65,0.67,0.68,0.7,0.71,0.71,0.71,0.72,0.72,0.72,0.72,0.72,0.73,0.73,0.73,0.73,0.73,0.74,0.74,0.74,0.74,0.74,0.75,0.75,0.75,0.75,0.75,0.76,0.76,0.76,0.77,0.77,0.78,0.79,0.79,0.8,0.8,0.81,0.82,0.82,0.83,0.84,0.84,0.85,0.86,0.86,0.87,0.88,0.88,0.89,0.89,0.9,0.91,0.91,0.92,0.93,0.94,0.94,0.95,0.96,0.97,0.97,0.98,0.99,1.0,1.0,1.01,1.02,1.03,1.03,1.04,1.05,1.06,1.06,1.07,1.08,1.09,1.09,1.1
19,391,1.99,1.62,3.34,0.99,1267.54,1303.0,329.75,51.13,56.02,26.88,1.01,1.02,1.04,1.05,1.06,1.07,1.09,1.1,1.11,1.12,1.14,1.15,1.16,1.17,1.19,1.2,1.21,1.22,1.24,1.25,1.26,1.27,1.29,1.3,1.31,1.32,1.33,1.35,1.36,1.37,1.38,1.4,1.41,1.42,1.43,1.45,1.46,1.47,1.48,1.5,1.51,1.52,1.53,1.55,1.56,1.57,1.58,1.6,1.61,1.62,1.65,1.69,1.72,1.76,1.79,1.83,1.86,1.9,1.93,1.96,2.0,2.03,2.07,2.1,2.14,2.17,2.2,2.24,2.27,2.31,2.34,2.38,2.41,2.45,2.48,2.51,2.55,2.58,2.62,2.65,2.69,2.72,2.76,2.79,2.82,2.86,2.89,2.93,2.96,3.0,3.03,3.06,3.1,3.13,3.17,3.2,3.24,3.27,3.31
20,392,1.54,1.6,1.78,0.22,3095.83,1794.5,2138.69,32.43,39.7,15.24,1.26,1.26,1.27,1.28,1.28,1.29,1.3,1.31,1.31,1.32,1.33,1.33,1.34,1.35,1.36,1.36,1.37,1.38,1.38,1.39,1.4,1.4,1.41,1.42,1.42,1.43,1.44,1.45,1.45,1.46,1.47,1.47,1.48,1.49,1.5,1.5,1.51,1.52,1.52,1.53,1.54,1.54,1.55,1.56,1.57,1.57,1.58,1.59,1.59,1.6,1.6,1.61,1.61,1.61,1.62,1.62,1.63,1.63,1.63,1.64,1.64,1.64,1.65,1.65,1.65,1.66,1.66,1.66,1.67,1.67,1.68,1.68,1.68,1.69,1.69,1.69,1.7,1.7,1.7,1.71,1.71,1.72,1.72,1.72,1.73,1.73,1.73,1.74,1.74,1.74,1.75,1.75,1.75,1.76,1.76,1.77,1.77,1.77,1.78
21,397,1.56,1.21,3.47,0.98,811.36,856.67,296.97,50.75,56.77,35.09,0.73,0.74,0.76,0.77,0.79,0.8,0.82,0.83,0.85,0.86,0.88,0.89,0.91,0.92,0.94,0.95,0.97,0.98,1.0,1.01,1.03,1.04,1.06,1.07,1.09,1.09,1.1,1.1,1.11,1.11,1.12,1.12,1.13,1.13,1.14,1.14,1.15,1.15,1.16,1.16,1.17,1.17,1.18,1.18,1.19,1.19,1.2,1.2,1.21,1.21,1.21,1.22,1.22,1.22,1.23,1.23,1.24,1.24,1.24,1.25,1.25,1.25,1.26,1.26,1.26,1.27,1.27,1.27,1.28,1.28,1.29,1.29,1.29,1.3,1.3,1.39,1.47,1.56,1.65,1.73,1.82,1.91,1.99,2.08,2.17,2.25,2.34,2.43,2.52,2.6,2.69,2.78,2.86,2.95,3.04,3.12,3.21,3.3,3.38
23,377,1.61,1.83,2.65,0.63,823.82,716.0,423.29,43.0,43.21,20.87,0.55,0.57,0.6,0.63,0.65,0.68,0.71,0.73,0.76,0.79,0.81,0.84,0.87,0.89,0.92,0.95,0.97,1.0,1.03,1.06,1.08,1.11,1.14,1.17,1.19,1.22,1.25,1.27,1.31,1.34,1.38,1.42,1.45,1.49,1.53,1.57,1.6,1.64,1.68,1.71,1.75,1.79,1.82,1.82,1.82,1.82,1.83,1.83,1.83,1.83,1.83,1.83,1.83,1.84,1.84,1.84,1.84,1.84,1.85,1.85,1.85,1.85,1.86,1.86,1.86,1.86,1.87,1.87,1.87,1.88,1.88,1.88,1.89,1.89,1.9,1.91,1.91,1.92,1.92,1.93,1.93,1.94,1.94,1.95,1.96,1.97,2.02,2.07,2.12,2.17,2.22,2.26,2.31,2.36,2.41,2.46,2.51,2.55,2.6
24,381,1.8,1.98,2.79,0.77,1205.48,1149.0,510.88,19.49,17.1,14.04,0.83,0.83,0.84,0.84,0.84,0.84,0.85,0.85,0.85,0.85,0.86,0.86,0.86,0.86,0.87,0.87,0.88,0.9,0.92,0.94,0.96,0.98,1.0,1.02,1.03,1.05,1.07,1.09,1.11,1.13,1.15,1.17,1.19,1.23,1.28,1.32,1.37,1.42,1.47,1.51,1.56,1.61,1.65,1.7,1.75,1.79,1.84,1.89,1.93,1.98,1.99,2.01,2.02,2.03,2.04,2.06,2.07,2.08,2.09,2.11,2.12,2.13,2.14,2.16,2.17,2.18,2.2,2.23,2.27,2.3,2.33,2.36,2.4,2.43,2.46,2.49,2.52,2.56,2.59,2.62,2.65,2.69,2.72,2.73,2.74,2.74,2.74,2.75,2.75,2.75,2.76,2.76,2.76,2.77,2.77,2.78,2.78,2.78,2.79
25,382,1.11,1.23,1.78,0.51,1585.82,1265.0,916.52,55.92,58.34,18.09,0.28,0.3,0.33,0.36,0.38,0.41,0.43,0.46,0.49,0.51,0.54,0.57,0.58,0.58,0.58,0.59,0.59,0.59,0.59,0.59,0.59,0.6,0.6,0.6,0.6,0.63,0.66,0.69,0.72,0.75,0.78,0.81,0.84,0.87,0.9,0.93,0.96,0.98,1.0,1.02,1.04,1.06,1.08,1.11,1.13,1.15,1.17,1.19,1.21,1.23,1.24,1.25,1.26,1.27,1.27,1.28,1.29,1.3,1.31,1.32,1.33,1.34,1.35,1.37,1.4,1.42,1.44,1.47,1.49,1.51,1.54,1.56,1.58,1.61,1.63,1.63,1.63,1.63,1.63,1.63,1.63,1.63,1.63,1.63,1.63,1.63,1.63,1.64,1.65,1.66,1.67,1.68,1.7,1.71,1.72,1.73,1.74,1.76,1.77
26,385,1.42,1.32,2.49,0.58,1031.38,1023.41,295.85,39.34,42.37,24.13,0.67,0.68,0.69,0.7,0.72,0.73,0.74,0.75,0.76,0.77,0.78,0.79,0.81,0.82,0.83,0.85,0.87,0.88,0.9,0.92,0.94,0.96,0.97,0.99,1.01,1.02,1.04,1.06,1.07,1.08,1.09,1.1,1.1,1.11,1.12,1.13,1.13,1.14,1.15,1.16,1.17,1.17,1.18,1.2,1.22,1.24,1.26,1.28,1.3,1.32,1.35,1.37,1.39,1.41,1.43,1.45,1.47,1.48,1.5,1.52,1.54,1.56,1.57,1.59,1.61,1.62,1.64,1.66,1.68,1.69,1.71,1.73,1.75,1.76,1.78,1.8,1.81,1.83,1.85,1.86,1.88,1.9,1.91,1.93,1.95,1.97,2.01,2.04,2.08,2.12,2.16,2.19,2.23,2.27,2.3,2.34,2.38,2.42,2.45
27,390,2.4,2.4,2.8,0.33,1510.0,1327.5,719.77,6.65,6.67,4.92,2.01,2.02,2.02,2.03,2.04,2.05,2.06,2.06,2.07,2.08,2.09,2.1,2.1,2.11,2.12,2.13,2.14,2.14,2.15,2.16,2.17,2.18,2.18,2.19,2.2,2.21,2.22,2.22,2.23,2.24,2.25,2.26,2.26,2.27,2.28,2.29,2.3,2.3,2.31,2.32,2.33,2.34,2.34,2.35,2.36,2.37,2.38,2.38,2.39,2.4,2.41,2.42,2.42,2.43,2.44,2.45,2.46,2.46,2.47,2.48,2.49,2.5,2.5,2.51,2.52,2.53,2.54,2.54,2.55,2.56,2.57,2.58,2.58,2.59,2.6,2.61,2.62,2.62,2.63,2.64,2.65,2.66,2.66,2.67,2.68,2.69,2.7,2.7,2.71,2.72,2.73,2.74,2.74,2.75,2.76,2.77,2.78,2.78,2.79
29,412,1.27,1.54,1.77,0.47,1344.32,948.5,1355.82,55.46,50.17,12.93,0.32,0.36,0.4,0.44,0.48,0.51,0.55,0.59,0.63,0.67,0.7,0.73,0.75,0.78,0.81,0.84,0.87,0.89,0.92,0.95,0.96,0.97,0.98,0.99,1.0,1.01,1.02,1.03,1.04,1.05,1.06,1.07,1.08,1.09,1.1,1.11,1.12,1.13,1.14,1.15,1.19,1.23,1.27,1.31,1.34,1.38,1.42,1.46,1.5,1.54,1.54,1.55,1.55,1.55,1.56,1.56,1.56,1.56,1.57,1.57,1.58,1.58,1.59,1.59,1.6,1.61,1.61,1.62,1.62,1.63,1.63,1.63,1.64,1.64,1.64,1.64,1.64,1.65,1.65,1.65,1.66,1.67,1.68,1.69,1.69,1.7,1.71,1.72,1.73,1.74,1.74,1.75,1.75,1.75,1.76,1.76,1.76,1.76,1.77
57,417,0.86,0.86,0.86,0.0,1562.0,1562.0,0.0,49.1,49.1,0.0,0.86,0.86,0.86,0.86,0.86,0.86,0.86,0.86,0.86,0.86,0.86,0.86,0.86,0.86,0.86,0.86,0.86,0.86,0.86,0.86,0.86,0.86,0.86,0.86,0.86,0.86,0.86,0.86,0.86,0.86,0.86,0.86,0.86,0.86,0.86,0.86,0.86,0.86,0.86,0.86,0.86,0.86,0.86,0.86,0.86,0.86,0.86,0.86,0.86,0.86,0.86,0.86,0.86,0.86,0.86,0.86,0.86,0.86,0.86,0.86,0.86,0.86,0.86,0.86,0.86,0.86,0.86,0.86,0.86,0.86,0.86,0.86,0.86,0.86,0.86,0.86,0.86,0.86,0.86,0.86,0.86,0.86,0.86,0.86,0.86,0.86,0.86,0.86,0.86,0.86,0.86,0.86,0.86,0.86,0.86,0.86,0.86,0.86,0.86
59,546,1.14,0.97,3.09,0.84,3007.49,2399.0,3353.79,47.88,53.54,23.81,0.38,0.39,0.4,0.41,0.42,0.42,0.43,0.44,0.45,0.46,0.47,0.48,0.49,0.5,0.5,0.51,0.53,0.54,0.56,0.58,0.6,0.62,0.63,0.65,0.67,0.69,0.71,0.72,0.74,0.76,0.78,0.8,0.81,0.83,0.84,0.84,0.85,0.86,0.87,0.88,0.89,0.9,0.91,0.92,0.92,0.93,0.94,0.95,0.96,0.97,0.97,0.98,0.98,0.98,0.98,0.99,0.99,0.99,1.0,1.0,1.0,1.01,1.01,1.01,1.02,1.02,1.02,1.03,1.04,1.05,1.06,1.06,1.07,1.08,1.09,1.1,1.11,1.12,1.12,1.13,1.14,1.15,1.16,1.24,1.35,1.47,1.58,1.7,1.82,1.93,2.05,2.16,2.28,2.4,2.51,2.63,2.74,2.86,2.97
60,555,1.14,1.32,1.74,0.58,1855.47,1141.75,1262.75,61.9,56.58,7.73,0.38,0.4,0.42,0.44,0.46,0.48,0.49,0.51,0.53,0.55,0.57,0.59,0.61,0.63,0.65,0.67,0.69,0.71,0.72,0.74,0.76,0.78,0.8,0.82,0.84,0.86,0.88,0.9,0.92,0.94,0.96,0.97,0.99,1.01,1.03,1.05,1.07,1.09,1.11,1.13,1.15,1.17,1.19,1.2,1.22,1.24,1.26,1.28,1.3,1.32,1.33,1.34,1.35,1.35,1.36,1.37,1.38,1.39,1.4,1.4,1.41,1.42,1.43,1.44,1.45,1.45,1.46,1.47,1.48,1.49,1.5,1.5,1.51,1.52,1.53,1.54,1.55,1.56,1.56,1.57,1.58,1.59,1.6,1.61,1.61,1.62,1.63,1.64,1.65,1.66,1.66,1.67,1.68,1.69,1.7,1.71,1.71,1.72,1.73
61,415,1.29,1.29,1.81,0.52,1040.55,1040.55,115.45,63.9,63.9,2.65,0.79,0.8,0.81,0.82,0.83,0.84,0.85,0.86,0.87,0.88,0.89,0.9,0.91,0.92,0.93,0.94,0.96,0.97,0.98,0.99,1.0,1.01,1.02,1.03,1.04,1.05,1.06,1.07,1.08,1.09,1.1,1.11,1.12,1.13,1.14,1.15,1.16,1.17,1.18,1.19,1.2,1.21,1.22,1.23,1.24,1.25,1.26,1.27,1.28,1.3,1.31,1.32,1.33,1.34,1.35,1.36,1.37,1.38,1.39,1.4,1.41,1.42,1.43,1.44,1.45,1.46,1.47,1.48,1.49,1.5,1.51,1.52,1.53,1.54,1.55,1.56,1.57,1.58,1.59,1.6,1.61,1.62,1.63,1.65,1.66,1.67,1.68,1.69,1.7,1.71,1.72,1.73,1.74,1.75,1.76,1.77,1.78,1.79,1.8
64,456,0.71,0.67,0.97,0.15,2732.8,2150.0,1320.01,60.28,65.54,15.06,0.54,0.55,0.55,0.55,0.55,0.56,0.56,0.56,0.57,0.57,0.57,0.57,0.58,0.58,0.58,0.58,0.59,0.59,0.59,0.6,0.6,0.6,0.6,0.61,0.61,0.61,0.61,0.62,0.62,0.62,0.62,0.63,0.63,0.63,0.63,0.64,0.64,0.64,0.64,0.65,0.65,0.65,0.65,0.66,0.66,0.66,0.66,0.67,0.67,0.67,0.67,0.68,0.68,0.69,0.69,0.7,0.7,0.71,0.71,0.71,0.72,0.72,0.73,0.73,0.74,0.74,0.74,0.75,0.75,0.76,0.76,0.77,0.77,0.78,0.78,0.79,0.8,0.8,0.81,0.82,0.83,0.83,0.84,0.85,0.86,0.86,0.87,0.88,0.89,0.89,0.9,0.91,0.92,0.92,0.93,0.94,0.95,0.95,0.96
69,536,1.96,1.9,2.76,0.56,661.15,644.25,247.71,49.67,44.78,33.55,1.29,1.3,1.31,1.32,1.33,1.34,1.35,1.36,1.37,1.38,1.39,1.4,1.41,1.42,1.43,1.44,1.45,1.46,1.47,1.48,1.49,1.5,1.51,1.52,1.54,1.55,1.56,1.57,1.58,1.59,1.6,1.61,1.62,1.63,1.65,1.66,1.68,1.7,1.71,1.73,1.75,1.76,1.78,1.8,1.81,1.83,1.85,1.86,1.88,1.9,1.91,1.93,1.94,1.96,1.98,1.99,2.01,2.03,2.04,2.06,2.08,2.09,2.11,2.13,2.14,2.16,2.18,2.19,2.21,2.23,2.25,2.26,2.28,2.3,2.32,2.34,2.35,2.37,2.39,2.41,2.42,2.44,2.46,2.48,2.49,2.51,2.53,2.55,2.57,2.58,2.6,2.62,2.64,2.65,2.67,2.69,2.71,2.72,2.74
78,510,1.52,1.54,2.17,0.47,890.87,900.08,216.22,58.02,53.98,31.89,0.85,0.87,0.89,0.91,0.93,0.95,0.97,0.99,1.01,1.03,1.05,1.07,1.09,1.11,1.13,1.15,1.17,1.19,1.21,1.23,1.25,1.27,1.29,1.31,1.33,1.35,1.37,1.39,1.41,1.43,1.45,1.47,1.49,1.5,1.5,1.51,1.51,1.51,1.51,1.51,1.52,1.52,1.52,1.52,1.52,1.53,1.53,1.53,1.53,1.54,1.54,1.54,1.54,1.54,1.55,1.55,1.55,1.55,1.55,1.56,1.56,1.56,1.56,1.56,1.57,1.57,1.58,1.59,1.61,1.63,1.65,1.67,1.68,1.7,1.72,1.74,1.76,1.77,1.79,1.81,1.83,1.85,1.86,1.88,1.9,1.92,1.94,1.95,1.97,1.99,2.01,2.03,2.04,2.06,2.08,2.1,2.12,2.13,2.15
80,551,2.09,2.19,2.78,0.56,1079.5,805.75,686.18,53.55,45.18,23.8,1.24,1.27,1.3,1.33,1.35,1.38,1.41,1.44,1.47,1.5,1.53,1.56,1.58,1.61,1.64,1.67,1.7,1.73,1.76,1.79,1.81,1.84,1.87,1.9,1.93,1.96,1.99,2.02,2.05,2.07,2.1,2.13,2.16,2.17,2.17,2.17,2.17,2.18,2.18,2.18,2.18,2.18,2.18,2.18,2.18,2.19,2.19,2.19,2.19,2.19,2.19,2.19,2.19,2.19,2.2,2.2,2.2,2.2,2.2,2.2,2.2,2.2,2.21,2.21,2.21,2.21,2.22,2.23,2.25,2.27,2.28,2.3,2.32,2.34,2.35,2.37,2.39,2.4,2.42,2.44,2.46,2.47,2.49,2.51,2.52,2.54,2.56,2.57,2.59,2.61,2.63,2.64,2.66,2.68,2.69,2.71,2.73,2.75,2.76
89,586,1.32,0.97,2.76,0.73,1902.67,1249.0,1731.55,34.58,40.21,21.06,0.56,0.57,0.58,0.59,0.6,0.61,0.62,0.63,0.64,0.65,0.66,0.67,0.69,0.7,0.71,0.72,0.73,0.75,0.76,0.77,0.78,0.79,0.81,0.82,0.83,0.84,0.84,0.85,0.85,0.86,0.86,0.87,0.87,0.88,0.89,0.89,0.9,0.9,0.91,0.91,0.92,0.93,0.93,0.94,0.94,0.95,0.95,0.96,0.96,0.97,0.98,0.99,1.0,1.01,1.02,1.03,1.04,1.05,1.06,1.07,1.08,1.09,1.12,1.18,1.24,1.29,1.35,1.41,1.47,1.53,1.59,1.64,1.7,1.76,1.82,1.85,1.89,1.92,1.95,1.99,2.02,2.06,2.09,2.12,2.16,2.19,2.22,2.26,2.3,2.34,2.39,2.43,2.47,2.51,2.55,2.59,2.64,2.68,2.72
96,561,0.94,0.94,0.94,0.0,2242.0,2242.0,0.0,82.67,82.67,0.0,0.94,0.94,0.94,0.94,0.94,0.94,0.94,0.94,0.94,0.94,0.94,0.94,0.94,0.94,0.94,0.94,0.94,0.94,0.94,0.94,0.94,0.94,0.94,0.94,0.94,0.94,0.94,0.94,0.94,0.94,0.94,0.94,0.94,0.94,0.94,0.94,0.94,0.94,0.94,0.94,0.94,0.94,0.94,0.94,0.94,0.94,0.94,0.94,0.94,0.94,0.94,0.94,0.94,0.94,0.94,0.94,0.94,0.94,0.94,0.94,0.94,0.94,0.94,0.94,0.94,0.94,0.94,0.94,0.94,0.94,0.94,0.94,0.94,0.94,0.94,0.94,0.94,0.94,0.94,0.94,0.94,0.94,0.94,0.94,0.94,0.94,0.94,0.94,0.94,0.94,0.94,0.94,0.94,0.94,0.94,0.94,0.94,0.94,0.94
97,602,1.35,1.31,2.13,0.53,1427.05,628.33,1646.96,53.62,46.4,20.01,0.68,0.68,0.69,0.69,0.69,0.69,0.7,0.7,0.7,0.7,0.71,0.71,0.71,0.71,0.72,0.72,0.73,0.75,0.77,0.79,0.81,0.83,0.85,0.87,0.89,0.91,0.93,0.95,0.97,0.99,1.01,1.03,1.05,1.07,1.08,1.1,1.12,1.13,1.14,1.16,1.18,1.19,1.2,1.22,1.24,1.25,1.27,1.28,1.3,1.31,1.33,1.36,1.38,1.41,1.43,1.46,1.48,1.51,1.53,1.56,1.58,1.61,1.63,1.65,1.68,1.7,1.72,1.73,1.74,1.75,1.76,1.76,1.77,1.78,1.79,1.8,1.81,1.82,1.82,1.83,1.84,1.85,1.86,1.87,1.89,1.9,1.92,1.94,1.95,1.97,1.98,2.0,2.02,2.03,2.05,2.07,2.08,2.1,2.11
101,645,1.95,1.95,1.95,0.0,595.2,595.2,0.0,71.45,71.45,0.0,1.95,1.95,1.95,1.95,1.95,1.95,1.95,1.95,1.95,1.95,1.95,1.95,1.95,1.95,1.95,1.95,1.95,1.95,1.95,1.95,1.95,1.95,1.95,1.95,1.95,1.95,1.95,1.95,1.95,1.95,1.95,1.95,1.95,1.95,1.95,1.95,1.95,1.95,1.95,1.95,1.95,1.95,1.95,1.95,1.95,1.95,1.95,1.95,1.95,1.95,1.95,1.95,1.95,1.95,1.95,1.95,1.95,1.95,1.95,1.95,1.95,1.95,1.95,1.95,1.95,1.95,1.95,1.95,1.95,1.95,1.95,1.95,1.95,1.95,1.95,1.95,1.95,1.95,1.95,1.95,1.95,1.95,1.95,1.95,1.95,1.95,1.95,1.95,1.95,1.95,1.95,1.95,1.95,1.95,1.95,1.95,1.95,1.95,1.95
102,647,0.59,0.59,0.61,0.02,3300.0,3300.0,1633.0,40.39,40.39,1.36,0.58,0.58,0.58,0.58,0.58,0.58,0.58,0.58,0.58,0.58,0.58,0.58,0.58,0.58,0.58,0.58,0.59,0.59,0.59,0.59,0.59,0.59,0.59,0.59,0.59,0.59,0.59,0.59,0.59,0.59,0.59,0.59,0.59,0.59,0.59,0.59,0.59,0.59,0.59,0.59,0.59,0.59,0.59,0.59,0.59,0.59,0.59,0.59,0.59,0.6,0.6,0.6,0.6,0.6,0.6,0.6,0.6,0.6,0.6,0.6,0.6,0.6,0.6,0.6,0.6,0.6,0.6,0.6,0.6,0.6,0.6,0.6,0.6,0.6,0.6,0.6,0.6,0.6,0.6,0.6,0.6,0.6,0.6,0.61,0.61,0.61,0.61,0.61,0.61,0.61,0.61,0.61,0.61,0.61,0.61,0.61,0.61,0.61,0.61
128,718,0.18,0.18,0.24,0.05,106842.5,106842.5,84819.5,90.83,90.83,3.44,0.13,0.13,0.13,0.13,0.14,0.14,0.14,0.14,0.14,0.14,0.14,0.14,0.14,0.15,0.15,0.15,0.15,0.15,0.15,0.15,0.15,0.15,0.16,0.16,0.16,0.16,0.16,0.16,0.16,0.16,0.16,0.17,0.17,0.17,0.17,0.17,0.17,0.17,0.17,0.17,0.18,0.18,0.18,0.18,0.18,0.18,0.18,0.18,0.18,0.18,0.19,0.19,0.19,0.19,0.19,0.19,0.19,0.19,0.19,0.2,0.2,0.2,0.2,0.2,0.2,0.2,0.2,0.2,0.21,0.21,0.21,0.21,0.21,0.21,0.21,0.21,0.21,0.22,0.22,0.22,0.22,0.22,0.22,0.22,0.22,0.22,0.23,0.23,0.23,0.23,0.23,0.23,0.23,0.23,0.23,0.24,0.24,0.24,0.24
263,604,1.46,1.65,2.02,0.55,2228.89,1883.0,1535.97,42.54,40.15,9.24,0.74,0.76,0.78,0.79,0.81,0.83,0.85,0.87,0.89,0.91,0.92,0.94,0.96,0.98,1.0,1.02,1.04,1.05,1.07,1.09,1.11,1.13,1.15,1.17,1.18,1.2,1.22,1.24,1.26,1.28,1.3,1.32,1.33,1.35,1.37,1.39,1.41,1.43,1.45,1.46,1.48,1.5,1.52,1.54,1.56,1.58,1.59,1.61,1.63,1.65,1.66,1.66,1.67,1.68,1.69,1.69,1.7,1.71,1.72,1.72,1.73,1.74,1.75,1.75,1.76,1.77,1.78,1.78,1.79,1.8,1.81,1.81,1.82,1.83,1.84,1.84,1.85,1.86,1.86,1.87,1.88,1.89,1.89,1.9,1.91,1.92,1.92,1.93,1.94,1.95,1.95,1.96,1.97,1.98,1.98,1.99,2.0,2.01,2.01
278,281,1.28,1.28,1.67,0.38,1438.3,1438.3,513.7,49.16,49.16,10.77,0.91,0.92,0.92,0.93,0.94,0.95,0.95,0.96,0.97,0.98,0.98,0.99,1.0,1.01,1.02,1.02,1.03,1.04,1.05,1.05,1.06,1.07,1.08,1.08,1.09,1.1,1.11,1.12,1.12,1.13,1.14,1.15,1.15,1.16,1.17,1.18,1.18,1.19,1.2,1.21,1.22,1.22,1.23,1.24,1.25,1.25,1.26,1.27,1.28,1.28,1.29,1.3,1.31,1.32,1.32,1.33,1.34,1.35,1.35,1.36,1.37,1.38,1.39,1.39,1.4,1.41,1.42,1.42,1.43,1.44,1.45,1.45,1.46,1.47,1.48,1.49,1.49,1.5,1.51,1.52,1.52,1.53,1.54,1.55,1.55,1.56,1.57,1.58,1.59,1.59,1.6,1.61,1.62,1.62,1.63,1.64,1.65,1.65,1.66
296,523,0.94,0.95,1.31,0.29,7505.33,1334.5,10866.28,59.57,57.07,8.07,0.56,0.56,0.57,0.58,0.58,0.59,0.6,0.61,0.61,0.62,0.63,0.63,0.64,0.65,0.65,0.66,0.67,0.67,0.68,0.69,0.69,0.7,0.71,0.72,0.72,0.73,0.74,0.74,0.75,0.76,0.76,0.77,0.78,0.79,0.8,0.81,0.82,0.83,0.84,0.85,0.86,0.87,0.88,0.89,0.9,0.91,0.92,0.93,0.94,0.95,0.96,0.97,0.98,0.99,1.0,1.01,1.02,1.03,1.04,1.05,1.06,1.07,1.08,1.09,1.1,1.11,1.12,1.13,1.13,1.14,1.14,1.15,1.16,1.16,1.17,1.17,1.18,1.18,1.19,1.2,1.2,1.21,1.21,1.22,1.22,1.23,1.24,1.24,1.25,1.25,1.26,1.26,1.27,1.28,1.28,1.29,1.29,1.3,1.3
306,374,1.12,1.09,2.06,0.64,2002.11,879.5,2140.94,41.82,46.41,26.06,0.28,0.29,0.31,0.32,0.33,0.34,0.35,0.37,0.38,0.39,0.4,0.41,0.42,0.42,0.43,0.43,0.43,0.44,0.44,0.44,0.45,0.45,0.45,0.46,0.46,0.48,0.51,0.53,0.55,0.58,0.6,0.62,0.65,0.67,0.69,0.72,0.74,0.76,0.79,0.82,0.85,0.87,0.9,0.93,0.95,0.98,1.01,1.04,1.06,1.09,1.12,1.15,1.18,1.21,1.24,1.27,1.3,1.33,1.36,1.39,1.42,1.45,1.48,1.5,1.52,1.55,1.57,1.59,1.61,1.63,1.65,1.68,1.7,1.72,1.74,1.75,1.76,1.76,1.77,1.78,1.79,1.8,1.8,1.81,1.82,1.83,1.84,1.85,1.87,1.88,1.9,1.92,1.94,1.95,1.97,1.99,2.01,2.02,2.04
309,364,1.17,1.1,1.5,0.22,3643.62,2248.75,3367.94,31.66,35.51,20.99,0.97,0.97,0.97,0.97,0.97,0.97,0.97,0.97,0.97,0.97,0.97,0.97,0.97,0.97,0.97,0.97,0.98,0.98,0.98,0.98,0.98,0.98,0.98,0.98,0.98,0.98,0.98,0.98,0.98,0.98,0.98,0.98,0.98,0.98,0.99,1.0,1.01,1.02,1.02,1.03,1.04,1.04,1.05,1.06,1.07,1.08,1.08,1.09,1.1,1.1,1.11,1.12,1.13,1.14,1.14,1.15,1.16,1.16,1.17,1.18,1.19,1.2,1.2,1.21,1.22,1.23,1.23,1.24,1.25,1.26,1.27,1.27,1.28,1.29,1.3,1.31,1.31,1.32,1.33,1.34,1.35,1.35,1.36,1.37,1.38,1.39,1.39,1.4,1.41,1.42,1.43,1.44,1.44,1.45,1.46,1.47,1.48,1.48,1.49
310,394,1.39,1.59,2.25,0.8,3717.89,1219.67,4018.79,43.57,37.36,18.35,0.35,0.37,0.4,0.42,0.45,0.47,0.5,0.52,0.55,0.57,0.6,0.62,0.65,0.68,0.7,0.73,0.75,0.78,0.8,0.83,0.85,0.88,0.9,0.93,0.96,0.98,1.01,1.03,1.06,1.08,1.11,1.13,1.16,1.18,1.21,1.23,1.26,1.29,1.31,1.34,1.36,1.39,1.41,1.44,1.46,1.49,1.51,1.54,1.56,1.59,1.6,1.62,1.63,1.64,1.66,1.67,1.68,1.7,1.71,1.72,1.74,1.75,1.76,1.77,1.79,1.8,1.81,1.83,1.84,1.85,1.87,1.88,1.89,1.91,1.92,1.93,1.95,1.96,1.97,1.99,2.0,2.01,2.03,2.04,2.05,2.07,2.08,2.09,2.1,2.12,2.13,2.14,2.16,2.17,2.18,2.2,2.21,2.22,2.24
312,368,0.61,0.61,0.9,0.29,6432.79,6432.79,5725.21,76.76,76.76,8.65,0.33,0.33,0.34,0.34,0.35,0.35,0.36,0.37,0.37,0.38,0.38,0.39,0.4,0.4,0.41,0.41,0.42,0.42,0.43,0.44,0.44,0.45,0.45,0.46,0.46,0.47,0.48,0.48,0.49,0.49,0.5,0.51,0.51,0.52,0.52,0.53,0.53,0.54,0.55,0.55,0.56,0.56,0.57,0.58,0.58,0.59,0.59,0.6,0.6,0.61,0.62,0.62,0.63,0.63,0.64,0.64,0.65,0.66,0.66,0.67,0.67,0.68,0.69,0.69,0.7,0.7,0.71,0.71,0.72,0.73,0.73,0.74,0.74,0.75,0.76,0.76,0.77,0.77,0.78,0.78,0.79,0.8,0.8,0.81,0.81,0.82,0.82,0.83,0.84,0.84,0.85,0.85,0.86,0.87,0.87,0.88,0.88,0.89,0.89
436,319,1.55,1.58,2.94,0.81,9556.0,3974.5,10997.66,51.97,45.51,37.64,0.36,0.39,0.42,0.45,0.48,0.51,0.54,0.57,0.6,0.63,0.67,0.7,0.73,0.76,0.79,0.82,0.85,0.88,0.91,0.94,0.97,1.0,1.02,1.05,1.08,1.11,1.14,1.16,1.19,1.22,1.25,1.28,1.3,1.33,1.36,1.39,1.42,1.44,1.47,1.5,1.51,1.52,1.53,1.53,1.54,1.55,1.56,1.57,1.58,1.58,1.59,1.6,1.61,1.62,1.63,1.64,1.64,1.65,1.66,1.67,1.68,1.7,1.71,1.72,1.74,1.75,1.76,1.77,1.79,1.8,1.81,1.83,1.84,1.85,1.86,1.88,1.89,1.9,1.92,1.93,1.98,2.03,2.08,2.13,2.18,2.23,2.28,2.33,2.38,2.44,2.49,2.54,2.59,2.64,2.69,2.74,2.79,2.84,2.89
439,332,1.78,1.78,2.66,0.88,4321.0,4321.0,2051.0,36.38,36.38,25.12,0.92,0.94,0.95,0.97,0.99,1.01,1.02,1.04,1.06,1.08,1.09,1.11,1.13,1.15,1.16,1.18,1.2,1.22,1.23,1.25,1.27,1.29,1.3,1.32,1.34,1.36,1.38,1.39,1.41,1.43,1.45,1.46,1.48,1.5,1.52,1.53,1.55,1.57,1.59,1.6,1.62,1.64,1.66,1.67,1.69,1.71,1.73,1.74,1.76,1.78,1.8,1.82,1.83,1.85,1.87,1.89,1.9,1.92,1.94,1.96,1.97,1.99,2.01,2.03,2.04,2.06,2.08,2.1,2.11,2.13,2.15,2.17,2.18,2.2,2.22,2.24,2.26,2.27,2.29,2.31,2.33,2.34,2.36,2.38,2.4,2.41,2.43,2.45,2.47,2.48,2.5,2.52,2.54,2.55,2.57,2.59,2.61,2.62,2.64
467,133,0.27,0.3,0.42,0.12,11775.64,13910.0,3567.21,74.16,69.87,11.58,0.08,0.09,0.09,0.1,0.1,0.1,0.11,0.11,0.12,0.12,0.12,0.13,0.13,0.14,0.14,0.14,0.15,0.15,0.16,0.16,0.16,0.17,0.17,0.18,0.18,0.18,0.19,0.19,0.2,0.2,0.21,0.21,0.22,0.22,0.23,0.23,0.24,0.24,0.25,0.25,0.26,0.26,0.27,0.27,0.28,0.28,0.29,0.29,0.3,0.3,0.3,0.31,0.31,0.31,0.31,0.32,0.32,0.32,0.33,0.33,0.33,0.33,0.34,0.34,0.34,0.34,0.35,0.35,0.35,0.36,0.36,0.36,0.36,0.37,0.37,0.37,0.37,0.38,0.38,0.38,0.38,0.38,0.39,0.39,0.39,0.39,0.39,0.4,0.4,0.4,0.4,0.4,0.41,0.41,0.41,0.41,0.41,0.42,0.42
507,194,0.1,0.1,0.1,0.0,13995.0,13995.0,0.0,90.27,90.27,0.0,0.1,0.1,0.1,0.1,0.1,0.1,0.1,0.1,0.1,0.1,0.1,0.1,0.1,0.1,0.1,0.1,0.1,0.1,0.1,0.1,0.1,0.1,0.1,0.1,0.1,0.1,0.1,0.1,0.1,0.1,0.1,0.1,0.1,0.1,0.1,0.1,0.1,0.1,0.1,0.1,0.1,0.1,0.1,0.1,0.1,0.1,0.1,0.1,0.1,0.1,0.1,0.1,0.1,0.1,0.1,0.1,0.1,0.1,0.1,0.1,0.1,0.1,0.1,0.1,0.1,0.1,0.1,0.1,0.1,0.1,0.1,0.1,0.1,0.1,0.1,0.1,0.1,0.1,0.1,0.1,0.1,0.1,0.1,0.1,0.1,0.1,0.1,0.1,0.1,0.1,0.1,0.1,0.1,0.1,0.1,0.1,0.1,0.1,0.1
514,168,0.27,0.27,0.27,0.0,93870.0,93870.0,0.0,72.55,72.55,0.0,0.27,0.27,0.27,0.27,0.27,0.27,0.27,0.27,0.27,0.27,0.27,0.27,0.27,0.27,0.27,0.27,0.27,0.27,0.27,0.27,0.27,0.27,0.27,0.27,0.27,0.27,0.27,0.27,0.27,0.27,0.27,0.27,0.27,0.27,0.27,0.27,0.27,0.27,0.27,0.27,0.27,0.27,0.27,0.27,0.27,0.27,0.27,0.27,0.27,0.27,0.27,0.27,0.27,0.27,0.27,0.27,0.27,0.27,0.27,0.27,0.27,0.27,0.27,0.27,0.27,0.27,0.27,0.27,0.27,0.27,0.27,0.27,0.27,0.27,0.27,0.27,0.27,0.27,0.27,0.27,0.27,0.27,0.27,0.27,0.27,0.27,0.27,0.27,0.27,0.27,0.27,0.27,0.27,0.27,0.27,0.27,0.27,0.27,0.27
535,76,0.83,0.7,1.96,0.62,18629.42,11620.83,16665.28,62.16,63.47,15.11,0.11,0.12,0.14,0.15,0.16,0.17,0.18,0.2,0.21,0.22,0.23,0.24,0.25,0.26,0.26,0.26,0.27,0.27,0.28,0.28,0.28,0.29,0.29,0.3,0.3,0.3,0.31,0.31,0.32,0.32,0.33,0.33,0.34,0.34,0.35,0.35,0.36,0.37,0.4,0.43,0.46,0.48,0.51,0.54,0.56,0.59,0.62,0.65,0.67,0.7,0.73,0.77,0.8,0.83,0.86,0.9,0.93,0.96,1.0,1.03,1.06,1.09,1.11,1.11,1.11,1.12,1.12,1.12,1.12,1.12,1.12,1.13,1.13,1.13,1.13,1.17,1.21,1.24,1.28,1.32,1.36,1.39,1.43,1.47,1.51,1.54,1.58,1.61,1.64,1.67,1.7,1.73,1.76,1.79,1.82,1.84,1.87,1.9,1.93
542,81,0.7,0.3,1.96,0.72,23498.1,18553.0,19459.74,78.48,91.34,28.37,0.09,0.09,0.1,0.1,0.11,0.11,0.12,0.12,0.13,0.14,0.14,0.15,0.15,0.16,0.17,0.17,0.18,0.19,0.2,0.2,0.21,0.22,0.23,0.23,0.24,0.25,0.26,0.27,0.27,0.27,0.27,0.27,0.28,0.28,0.28,0.28,0.28,0.28,0.28,0.29,0.29,0.29,0.29,0.29,0.29,0.29,0.3,0.3,0.3,0.3,0.3,0.3,0.3,0.31,0.31,0.31,0.31,0.33,0.35,0.38,0.4,0.42,0.45,0.47,0.49,0.51,0.54,0.56,0.58,0.61,0.63,0.69,0.77,0.86,0.94,1.03,1.11,1.2,1.28,1.37,1.45,1.54,1.62,1.7,1.79,1.85,1.86,1.87,1.88,1.88,1.89,1.9,1.91,1.91,1.92,1.93,1.94,1.94,1.95
607,422,1.51,1.48,2.88,0.69,2473.04,2049.5,1858.4,49.06,47.98,23.11,0.59,0.6,0.62,0.64,0.65,0.67,0.69,0.7,0.72,0.74,0.75,0.77,0.79,0.81,0.82,0.84,0.86,0.89,0.92,0.95,0.98,1.01,1.04,1.07,1.1,1.12,1.15,1.18,1.21,1.24,1.27,1.3,1.33,1.35,1.35,1.36,1.37,1.38,1.39,1.4,1.4,1.41,1.42,1.43,1.44,1.45,1.45,1.46,1.47,1.48,1.49,1.5,1.5,1.51,1.52,1.53,1.53,1.54,1.55,1.56,1.57,1.57,1.58,1.59,1.6,1.6,1.61,1.63,1.64,1.65,1.67,1.68,1.69,1.71,1.72,1.73,1.75,1.76,1.77,1.79,1.8,1.81,1.83,1.87,1.93,2.0,2.06,2.12,2.19,2.25,2.31,2.38,2.44,2.5,2.57,2.63,2.69,2.75,2.82
611,410,1.29,1.22,1.85,0.34,1695.89,1189.5,1234.04,50.32,52.48,22.33,0.76,0.79,0.81,0.84,0.86,0.88,0.91,0.93,0.96,0.98,1.0,1.03,1.04,1.04,1.05,1.05,1.05,1.06,1.06,1.06,1.07,1.07,1.07,1.08,1.08,1.08,1.08,1.08,1.09,1.09,1.09,1.09,1.09,1.09,1.1,1.1,1.1,1.1,1.11,1.12,1.13,1.14,1.15,1.16,1.17,1.18,1.19,1.2,1.21,1.22,1.23,1.24,1.25,1.26,1.28,1.29,1.3,1.31,1.32,1.33,1.34,1.35,1.36,1.37,1.37,1.38,1.39,1.39,1.4,1.4,1.41,1.41,1.42,1.42,1.43,1.46,1.49,1.52,1.55,1.58,1.61,1.64,1.67,1.7,1.73,1.76,1.79,1.81,1.81,1.82,1.82,1.82,1.83,1.83,1.83,1.84,1.84,1.84,1.85
612,432,1.32,1.3,2.76,0.69,1438.39,1100.0,825.83,45.3,50.44,18.17,0.3,0.31,0.31,0.31,0.32,0.32,0.33,0.35,0.36,0.38,0.4,0.41,0.44,0.48,0.52,0.56,0.6,0.64,0.68,0.72,0.76,0.79,0.83,0.87,0.91,0.92,0.94,0.95,0.96,0.97,0.99,1.0,1.01,1.02,1.03,1.04,1.05,1.06,1.07,1.08,1.08,1.09,1.1,1.11,1.14,1.17,1.2,1.24,1.27,1.3,1.32,1.34,1.35,1.37,1.39,1.41,1.42,1.44,1.45,1.47,1.49,1.5,1.52,1.54,1.56,1.58,1.6,1.62,1.63,1.65,1.66,1.67,1.68,1.7,1.71,1.72,1.73,1.74,1.75,1.76,1.77,1.83,1.9,1.98,2.06,2.13,2.21,2.26,2.27,2.29,2.3,2.31,2.33,2.36,2.42,2.49,2.56,2.63,2.69
613,447,1.58,1.48,2.18,0.38,3059.29,954.0,4020.63,31.42,27.07,13.22,1.19,1.19,1.2,1.2,1.21,1.21,1.22,1.22,1.23,1.23,1.24,1.24,1.25,1.26,1.26,1.27,1.27,1.28,1.28,1.29,1.29,1.3,1.3,1.31,1.32,1.32,1.33,1.33,1.34,1.34,1.35,1.35,1.36,1.36,1.37,1.38,1.39,1.39,1.4,1.41,1.42,1.42,1.43,1.44,1.44,1.45,1.46,1.47,1.47,1.48,1.49,1.49,1.5,1.51,1.52,1.52,1.53,1.54,1.54,1.55,1.56,1.57,1.57,1.58,1.59,1.6,1.61,1.62,1.64,1.66,1.68,1.69,1.71,1.73,1.74,1.76,1.78,1.8,1.81,1.83,1.85,1.87,1.88,1.9,1.92,1.94,1.95,1.97,1.99,2.01,2.02,2.04,2.06,2.08,2.09,2.11,2.13,2.15,2.16
618,388,1.85,1.73,2.93,0.56,1680.86,626.78,1808.93,37.43,44.91,24.46,1.2,1.2,1.21,1.21,1.22,1.23,1.23,1.24,1.24,1.25,1.26,1.26,1.27,1.27,1.28,1.29,1.3,1.31,1.33,1.35,1.37,1.38,1.4,1.42,1.44,1.45,1.47,1.49,1.5,1.52,1.54,1.56,1.57,1.59,1.6,1.6,1.61,1.62,1.63,1.64,1.65,1.66,1.67,1.68,1.68,1.69,1.7,1.71,1.72,1.73,1.75,1.76,1.78,1.79,1.81,1.83,1.84,1.86,1.88,1.89,1.91,1.92,1.94,1.96,1.97,1.99,2.0,2.02,2.03,2.04,2.06,2.07,2.08,2.1,2.11,2.12,2.14,2.15,2.16,2.18,2.19,2.2,2.22,2.25,2.29,2.33,2.38,2.42,2.46,2.5,2.55,2.59,2.63,2.67,2.72,2.76,2.8,2.84,2.89
619,402,1.67,1.52,2.52,0.51,712.19,682.34,312.94,32.64,36.84,11.35,1.13,1.15,1.16,1.17,1.18,1.2,1.21,1.22,1.23,1.25,1.26,1.27,1.28,1.3,1.3,1.3,1.3,1.3,1.3,1.3,1.3,1.3,1.3,1.3,1.3,1.3,1.3,1.3,1.31,1.32,1.34,1.35,1.37,1.38,1.4,1.41,1.43,1.45,1.46,1.48,1.49,1.51,1.52,1.52,1.52,1.52,1.52,1.52,1.52,1.52,1.52,1.52,1.52,1.52,1.52,1.52,1.52,1.52,1.53,1.53,1.54,1.54,1.54,1.55,1.55,1.56,1.56,1.57,1.57,1.57,1.58,1.62,1.68,1.75,1.81,1.88,1.94,2.01,2.07,2.14,2.2,2.27,2.33,2.4,2.46,2.51,2.51,2.51,2.51,2.51,2.51,2.51,2.52,2.52,2.52,2.52,2.52,2.52,2.52
620,421,2.2,2.22,2.42,0.19,957.4,584.67,753.59,20.07,19.95,9.8,1.93,1.93,1.94,1.94,1.95,1.95,1.96,1.96,1.97,1.98,1.98,1.99,1.99,2.0,2.0,2.01,2.02,2.02,2.03,2.03,2.04,2.04,2.05,2.05,2.06,2.07,2.07,2.08,2.09,2.09,2.1,2.1,2.11,2.12,2.12,2.13,2.14,2.14,2.15,2.16,2.16,2.17,2.18,2.18,2.19,2.19,2.2,2.21,2.21,2.22,2.23,2.23,2.24,2.24,2.25,2.26,2.26,2.27,2.27,2.28,2.29,2.29,2.3,2.3,2.31,2.32,2.32,2.33,2.33,2.34,2.35,2.35,2.36,2.36,2.37,2.37,2.37,2.38,2.38,2.38,2.38,2.38,2.39,2.39,2.39,2.39,2.39,2.4,2.4,2.4,2.4,2.4,2.41,2.41,2.41,2.41,2.41,2.42,2.42
621,423,1.65,1.75,2.44,0.46,1083.35,736.67,845.97,26.95,20.05,20.25,1.08,1.09,1.09,1.09,1.1,1.1,1.11,1.11,1.11,1.12,1.12,1.12,1.13,1.13,1.13,1.14,1.14,1.15,1.16,1.17,1.18,1.19,1.2,1.21,1.23,1.24,1.25,1.26,1.27,1.28,1.29,1.3,1.31,1.33,1.35,1.38,1.41,1.43,1.46,1.49,1.51,1.54,1.57,1.59,1.62,1.64,1.67,1.7,1.72,1.75,1.76,1.76,1.77,1.78,1.79,1.79,1.8,1.81,1.81,1.82,1.83,1.84,1.84,1.85,1.86,1.87,1.87,1.88,1.88,1.88,1.89,1.89,1.9,1.9,1.9,1.91,1.91,1.92,1.92,1.93,1.93,1.93,1.94,1.96,1.99,2.02,2.05,2.08,2.11,2.14,2.17,2.2,2.23,2.26,2.29,2.32,2.35,2.38,2.41
622,425,1.55,1.65,1.92,0.32,820.23,630.0,464.48,38.52,44.89,16.19,0.89,0.92,0.95,0.98,1.01,1.04,1.07,1.1,1.14,1.17,1.2,1.23,1.26,1.29,1.32,1.35,1.37,1.39,1.4,1.42,1.43,1.44,1.46,1.47,1.48,1.5,1.51,1.53,1.54,1.55,1.57,1.58,1.6,1.6,1.6,1.61,1.61,1.61,1.62,1.62,1.62,1.63,1.63,1.63,1.64,1.64,1.64,1.64,1.65,1.65,1.65,1.65,1.66,1.66,1.66,1.66,1.67,1.67,1.67,1.67,1.68,1.68,1.68,1.68,1.69,1.69,1.69,1.7,1.7,1.71,1.71,1.72,1.72,1.73,1.73,1.73,1.74,1.74,1.75,1.75,1.76,1.76,1.77,1.78,1.78,1.79,1.8,1.81,1.82,1.83,1.84,1.85,1.86,1.87,1.88,1.88,1.89,1.9,1.91
623,429,1.76,1.81,2.58,0.39,603.96,500.0,291.46,24.35,32.09,16.19,1.23,1.23,1.24,1.25,1.25,1.26,1.26,1.27,1.28,1.28,1.29,1.3,1.3,1.31,1.32,1.34,1.36,1.38,1.4,1.42,1.44,1.46,1.47,1.49,1.51,1.53,1.55,1.57,1.59,1.6,1.61,1.63,1.64,1.66,1.67,1.68,1.7,1.71,1.73,1.74,1.75,1.77,1.78,1.78,1.79,1.79,1.79,1.8,1.8,1.81,1.81,1.81,1.82,1.82,1.82,1.83,1.83,1.83,1.83,1.83,1.84,1.84,1.84,1.84,1.84,1.84,1.84,1.85,1.85,1.85,1.85,1.85,1.85,1.86,1.86,1.86,1.87,1.87,1.87,1.87,1.88,1.88,1.88,1.89,1.89,1.9,1.95,2.0,2.05,2.1,2.15,2.19,2.24,2.29,2.34,2.39,2.44,2.48,2.53
644,419,3.45,3.45,3.45,0.0,369.75,369.75,0.0,25.49,25.49,0.0,3.45,3.45,3.45,3.45,3.45,3.45,3.45,3.45,3.45,3.45,3.45,3.45,3.45,3.45,3.45,3.45,3.45,3.45,3.45,3.45,3.45,3.45,3.45,3.45,3.45,3.45,3.45,3.45,3.45,3.45,3.45,3.45,3.45,3.45,3.45,3.45,3.45,3.45,3.45,3.45,3.45,3.45,3.45,3.45,3.45,3.45,3.45,3.45,3.45,3.45,3.45,3.45,3.45,3.45,3.45,3.45,3.45,3.45,3.45,3.45,3.45,3.45,3.45,3.45,3.45,3.45,3.45,3.45,3.45,3.45,3.45,3.45,3.45,3.45,3.45,3.45,3.45,3.45,3.45,3.45,3.45,3.45,3.45,3.45,3.45,3.45,3.45,3.45,3.45,3.45,3.45,3.45,3.45,3.45,3.45,3.45,3.45,3.45,3.45
645,442,1.43,1.42,1.97,0.35,1908.04,1102.0,1995.3,49.25,51.02,21.61,0.89,0.9,0.92,0.93,0.94,0.95,0.96,0.97,0.99,1.0,1.01,1.02,1.03,1.04,1.04,1.05,1.06,1.07,1.08,1.09,1.1,1.11,1.12,1.13,1.15,1.16,1.17,1.19,1.2,1.22,1.23,1.24,1.26,1.26,1.27,1.27,1.27,1.28,1.28,1.28,1.29,1.29,1.29,1.3,1.31,1.33,1.35,1.37,1.39,1.42,1.44,1.46,1.48,1.5,1.52,1.53,1.54,1.54,1.55,1.55,1.56,1.56,1.57,1.58,1.58,1.59,1.6,1.61,1.63,1.64,1.66,1.68,1.69,1.71,1.72,1.74,1.76,1.77,1.78,1.79,1.8,1.8,1.81,1.82,1.83,1.84,1.84,1.85,1.86,1.87,1.88,1.89,1.9,1.91,1.92,1.93,1.94,1.95,1.96
668,406,0.97,1.1,1.73,0.57,1920.67,1175.5,1658.43,56.97,51.6,20.31,0.06,0.07,0.07,0.07,0.07,0.08,0.08,0.08,0.08,0.09,0.09,0.13,0.16,0.2,0.24,0.28,0.32,0.36,0.4,0.44,0.48,0.52,0.54,0.56,0.58,0.6,0.62,0.64,0.66,0.68,0.7,0.71,0.73,0.75,0.76,0.78,0.79,0.8,0.82,0.83,0.84,0.86,0.87,0.88,0.91,0.95,0.99,1.02,1.06,1.1,1.14,1.18,1.21,1.25,1.29,1.31,1.32,1.32,1.33,1.33,1.34,1.34,1.35,1.36,1.36,1.37,1.37,1.38,1.38,1.39,1.4,1.4,1.41,1.42,1.42,1.43,1.44,1.44,1.45,1.46,1.46,1.47,1.48,1.48,1.49,1.5,1.51,1.51,1.52,1.54,1.56,1.58,1.6,1.62,1.64,1.65,1.67,1.69,1.71
669,430,1.62,1.56,2.38,0.41,611.01,595.34,157.97,42.79,42.36,12.75,1.14,1.15,1.16,1.17,1.18,1.19,1.2,1.21,1.22,1.22,1.23,1.24,1.25,1.26,1.27,1.28,1.29,1.3,1.31,1.32,1.32,1.32,1.32,1.33,1.33,1.33,1.33,1.33,1.33,1.34,1.34,1.34,1.34,1.34,1.34,1.34,1.35,1.35,1.35,1.35,1.37,1.39,1.41,1.43,1.45,1.47,1.49,1.51,1.53,1.56,1.58,1.6,1.62,1.64,1.66,1.68,1.7,1.72,1.74,1.76,1.76,1.76,1.76,1.77,1.77,1.77,1.77,1.77,1.77,1.78,1.78,1.78,1.78,1.78,1.78,1.78,1.79,1.79,1.79,1.79,1.82,1.85,1.88,1.91,1.94,1.97,2.0,2.03,2.06,2.08,2.11,2.14,2.17,2.2,2.23,2.26,2.29,2.32,2.35
670,431,0.89,0.91,1.07,0.14,7043.75,2804.5,8221.44,53.56,50.79,12.87,0.68,0.68,0.69,0.7,0.7,0.71,0.71,0.72,0.73,0.73,0.74,0.75,0.75,0.76,0.76,0.77,0.78,0.78,0.79,0.8,0.8,0.81,0.81,0.82,0.83,0.83,0.84,0.85,0.85,0.86,0.87,0.87,0.88,0.88,0.88,0.88,0.89,0.89,0.89,0.89,0.89,0.89,0.89,0.9,0.9,0.9,0.9,0.9,0.9,0.9,0.91,0.91,0.91,0.91,0.91,0.91,0.92,0.92,0.92,0.92,0.92,0.92,0.92,0.93,0.93,0.93,0.93,0.94,0.94,0.94,0.95,0.95,0.96,0.96,0.97,0.97,0.97,0.98,0.98,0.99,0.99,0.99,1.0,1.0,1.01,1.01,1.02,1.02,1.02,1.03,1.03,1.04,1.04,1.04,1.05,1.05,1.06,1.06,1.07
706,272,0.74,0.53,1.24,0.35,2374.83,2410.0,292.75,85.34,79.74,10.46,0.46,0.46,0.46,0.47,0.47,0.47,0.47,0.47,0.47,0.47,0.48,0.48,0.48,0.48,0.48,0.48,0.48,0.49,0.49,0.49,0.49,0.49,0.49,0.49,0.5,0.5,0.5,0.5,0.5,0.5,0.5,0.5,0.51,0.51,0.51,0.51,0.51,0.51,0.51,0.52,0.52,0.52,0.52,0.52,0.52,0.52,0.53,0.53,0.53,0.53,0.54,0.56,0.57,0.59,0.6,0.62,0.63,0.64,0.66,0.67,0.69,0.7,0.71,0.73,0.74,0.76,0.77,0.79,0.8,0.81,0.83,0.84,0.86,0.87,0.88,0.9,0.91,0.93,0.94,0.96,0.97,0.98,1.0,1.01,1.03,1.04,1.06,1.07,1.08,1.1,1.11,1.13,1.14,1.15,1.17,1.18,1.2,1.21,1.23
707,278,0.93,1.0,1.09,0.17,963.61,888.33,173.5,56.76,55.88,11.74,0.7,0.7,0.71,0.71,0.72,0.73,0.73,0.74,0.75,0.75,0.76,0.76,0.77,0.78,0.78,0.79,0.8,0.8,0.81,0.81,0.82,0.83,0.83,0.84,0.84,0.85,0.86,0.86,0.87,0.88,0.88,0.89,0.89,0.9,0.91,0.91,0.92,0.93,0.93,0.94,0.94,0.95,0.96,0.96,0.97,0.98,0.98,0.99,0.99,1.0,1.0,1.0,1.01,1.01,1.01,1.01,1.01,1.01,1.02,1.02,1.02,1.02,1.02,1.03,1.03,1.03,1.03,1.03,1.03,1.04,1.04,1.04,1.04,1.04,1.04,1.05,1.05,1.05,1.05,1.05,1.06,1.06,1.06,1.06,1.06,1.06,1.07,1.07,1.07,1.07,1.07,1.08,1.08,1.08,1.08,1.08,1.08,1.09,1.09
711,346,1.94,1.94,2.14,0.21,565.71,565.71,45.79,36.19,36.19,7.46,1.73,1.74,1.74,1.75,1.75,1.75,1.76,1.76,1.77,1.77,1.78,1.78,1.78,1.79,1.79,1.8,1.8,1.8,1.81,1.81,1.82,1.82,1.82,1.83,1.83,1.84,1.84,1.84,1.85,1.85,1.86,1.86,1.87,1.87,1.87,1.88,1.88,1.89,1.89,1.89,1.9,1.9,1.91,1.91,1.91,1.92,1.92,1.93,1.93,1.94,1.94,1.94,1.95,1.95,1.96,1.96,1.96,1.97,1.97,1.98,1.98,1.98,1.99,1.99,2.0,2.0,2.0,2.01,2.01,2.02,2.02,2.03,2.03,2.03,2.04,2.04,2.05,2.05,2.05,2.06,2.06,2.07,2.07,2.07,2.08,2.08,2.09,2.09,2.09,2.1,2.1,2.11,2.11,2.12,2.12,2.12,2.13,2.13,2.14
712,343,1.2,0.85,2.71,0.77,1986.93,1565.0,1805.18,50.56,63.66,26.49,0.36,0.38,0.39,0.4,0.42,0.43,0.44,0.46,0.47,0.48,0.5,0.51,0.52,0.54,0.55,0.56,0.58,0.59,0.6,0.62,0.63,0.64,0.66,0.67,0.68,0.7,0.71,0.72,0.73,0.74,0.75,0.75,0.76,0.77,0.77,0.78,0.79,0.8,0.8,0.81,0.82,0.82,0.83,0.83,0.84,0.84,0.84,0.85,0.85,0.86,0.86,0.86,0.87,0.87,0.87,0.88,0.88,0.92,0.97,1.01,1.06,1.11,1.15,1.2,1.25,1.3,1.34,1.39,1.44,1.48,1.53,1.57,1.6,1.64,1.67,1.71,1.74,1.78,1.81,1.84,1.88,1.91,1.95,1.98,2.02,2.05,2.1,2.15,2.19,2.24,2.29,2.33,2.38,2.43,2.48,2.52,2.57,2.62,2.66
713,341,1.39,1.48,1.72,0.29,1307.14,800.5,1234.16,33.67,28.04,22.09,0.93,0.93,0.94,0.94,0.94,0.94,0.94,0.94,0.95,0.95,0.95,0.95,0.95,0.96,0.96,0.96,0.97,1.0,1.03,1.06,1.08,1.11,1.14,1.17,1.2,1.23,1.26,1.29,1.32,1.34,1.37,1.4,1.43,1.44,1.44,1.45,1.45,1.45,1.45,1.46,1.46,1.46,1.46,1.47,1.47,1.47,1.47,1.48,1.48,1.48,1.48,1.48,1.49,1.49,1.49,1.49,1.49,1.49,1.5,1.5,1.5,1.5,1.5,1.51,1.51,1.51,1.51,1.52,1.53,1.54,1.55,1.56,1.57,1.58,1.59,1.6,1.61,1.62,1.63,1.64,1.65,1.66,1.67,1.67,1.67,1.68,1.68,1.68,1.69,1.69,1.69,1.7,1.7,1.7,1.7,1.71,1.71,1.71,1.72
714,340,0.93,0.93,0.93,0.0,8240.0,8240.0,0.0,6.55,6.55,0.0,0.93,0.93,0.93,0.93,0.93,0.93,0.93,0.93,0.93,0.93,0.93,0.93,0.93,0.93,0.93,0.93,0.93,0.93,0.93,0.93,0.93,0.93,0.93,0.93,0.93,0.93,0.93,0.93,0.93,0.93,0.93,0.93,0.93,0.93,0.93,0.93,0.93,0.93,0.93,0.93,0.93,0.93,0.93,0.93,0.93,0.93,0.93,0.93,0.93,0.93,0.93,0.93,0.93,0.93,0.93,0.93,0.93,0.93,0.93,0.93,0.93,0.93,0.93,0.93,0.93,0.93,0.93,0.93,0.93,0.93,0.93,0.93,0.93,0.93,0.93,0.93,0.93,0.93,0.93,0.93,0.93,0.93,0.93,0.93,0.93,0.93,0.93,0.93,0.93,0.93,0.93,0.93,0.93,0.93,0.93,0.93,0.93,0.93,0.93
715,339,1.61,1.89,2.14,0.59,1863.7,2025.5,1033.67,26.53,21.08,13.14,0.81,0.83,0.86,0.88,0.9,0.92,0.94,0.97,0.99,1.01,1.03,1.05,1.08,1.1,1.12,1.14,1.16,1.19,1.21,1.23,1.25,1.27,1.3,1.32,1.34,1.36,1.38,1.41,1.43,1.45,1.47,1.49,1.52,1.54,1.56,1.58,1.6,1.63,1.65,1.67,1.69,1.71,1.74,1.76,1.78,1.8,1.82,1.85,1.87,1.89,1.89,1.9,1.9,1.91,1.92,1.92,1.92,1.93,1.94,1.94,1.94,1.95,1.95,1.96,1.96,1.97,1.98,1.98,1.98,1.99,2.0,2.0,2.0,2.01,2.02,2.02,2.02,2.03,2.04,2.04,2.04,2.05,2.06,2.06,2.06,2.07,2.08,2.08,2.08,2.09,2.1,2.1,2.1,2.11,2.12,2.12,2.12,2.13,2.13
716,338,1.57,1.48,2.62,0.69,1076.94,1096.75,581.09,64.9,70.19,13.51,0.72,0.74,0.77,0.79,0.81,0.83,0.86,0.88,0.9,0.92,0.94,0.97,0.99,1.01,1.03,1.06,1.08,1.1,1.12,1.14,1.17,1.19,1.21,1.23,1.26,1.28,1.3,1.32,1.34,1.37,1.39,1.41,1.43,1.44,1.44,1.45,1.45,1.45,1.46,1.46,1.46,1.46,1.47,1.47,1.47,1.47,1.48,1.48,1.48,1.48,1.49,1.49,1.49,1.5,1.5,1.5,1.5,1.51,1.51,1.51,1.51,1.52,1.52,1.52,1.53,1.53,1.54,1.57,1.61,1.64,1.67,1.7,1.74,1.77,1.8,1.84,1.87,1.9,1.93,1.97,2.0,2.03,2.06,2.1,2.13,2.16,2.19,2.23,2.26,2.29,2.33,2.36,2.39,2.42,2.46,2.49,2.52,2.55,2.59
717,342,1.36,1.25,2.02,0.42,2325.38,2320.16,1273.37,35.24,35.33,18.24,0.93,0.93,0.94,0.94,0.95,0.95,0.96,0.96,0.97,0.97,0.98,0.98,0.99,0.99,1.0,1.0,1.01,1.01,1.02,1.02,1.03,1.03,1.04,1.04,1.05,1.05,1.06,1.06,1.07,1.07,1.08,1.08,1.09,1.1,1.11,1.12,1.13,1.13,1.14,1.15,1.16,1.17,1.18,1.19,1.2,1.21,1.22,1.23,1.24,1.25,1.26,1.27,1.28,1.29,1.3,1.31,1.32,1.33,1.34,1.35,1.36,1.37,1.37,1.38,1.39,1.4,1.42,1.43,1.45,1.47,1.49,1.51,1.53,1.54,1.56,1.58,1.6,1.62,1.64,1.65,1.67,1.69,1.71,1.73,1.75,1.76,1.78,1.8,1.82,1.84,1.86,1.87,1.89,1.91,1.93,1.95,1.97,1.98,2.0
718,347,1.25,1.23,2.27,0.47,1418.58,847.25,1445.91,45.36,43.12,17.54,0.68,0.69,0.69,0.7,0.71,0.72,0.72,0.73,0.74,0.75,0.75,0.76,0.77,0.78,0.79,0.81,0.82,0.83,0.85,0.86,0.88,0.89,0.91,0.92,0.94,0.95,0.97,0.98,0.99,1.0,1.02,1.03,1.04,1.05,1.06,1.07,1.08,1.09,1.1,1.11,1.12,1.13,1.14,1.16,1.17,1.18,1.2,1.21,1.22,1.23,1.25,1.26,1.27,1.29,1.3,1.31,1.33,1.33,1.33,1.33,1.34,1.34,1.34,1.34,1.34,1.34,1.34,1.35,1.35,1.35,1.35,1.36,1.37,1.38,1.39,1.4,1.41,1.42,1.43,1.44,1.45,1.46,1.47,1.48,1.49,1.52,1.57,1.62,1.68,1.73,1.78,1.84,1.89,1.95,2.0,2.05,2.11,2.16,2.22
719,350,0.71,0.21,1.7,0.7,5150.43,6032.0,3477.73,67.07,79.1,17.14,0.21,0.21,0.21,0.21,0.21,0.21,0.21,0.21,0.21,0.21,0.21,0.21,0.21,0.21,0.21,0.21,0.21,0.21,0.21,0.21,0.21,0.21,0.21,0.21,0.21,0.21,0.21,0.21,0.21,0.21,0.21,0.21,0.21,0.21,0.21,0.21,0.21,0.21,0.21,0.21,0.21,0.21,0.21,0.21,0.21,0.21,0.21,0.21,0.21,0.21,0.24,0.27,0.3,0.33,0.36,0.39,0.42,0.45,0.48,0.51,0.54,0.57,0.6,0.63,0.66,0.69,0.72,0.75,0.78,0.81,0.84,0.87,0.9,0.93,0.96,0.98,1.01,1.04,1.07,1.1,1.13,1.16,1.19,1.22,1.25,1.28,1.31,1.34,1.37,1.4,1.43,1.46,1.49,1.52,1.55,1.58,1.61,1.64,1.67
720,351,0.56,0.56,1.01,0.45,10882.65,10882.65,5046.35,79.83,79.83,8.12,0.13,0.14,0.15,0.16,0.16,0.17,0.18,0.19,0.2,0.21,0.22,0.23,0.24,0.24,0.25,0.26,0.27,0.28,0.29,0.3,0.31,0.32,0.32,0.33,0.34,0.35,0.36,0.37,0.38,0.39,0.4,0.4,0.41,0.42,0.43,0.44,0.45,0.46,0.47,0.48,0.48,0.49,0.5,0.51,0.52,0.53,0.54,0.55,0.56,0.56,0.57,0.58,0.59,0.6,0.61,0.62,0.63,0.64,0.65,0.65,0.66,0.67,0.68,0.69,0.7,0.71,0.72,0.73,0.73,0.74,0.75,0.76,0.77,0.78,0.79,0.8,0.81,0.81,0.82,0.83,0.84,0.85,0.86,0.87,0.88,0.89,0.89,0.9,0.91,0.92,0.93,0.94,0.95,0.96,0.97,0.97,0.98,0.99,1.0
722,359,1.71,1.49,2.95,0.61,839.21,756.0,372.72,35.96,32.59,18.54,1.02,1.03,1.04,1.04,1.05,1.06,1.07,1.08,1.09,1.09,1.1,1.11,1.12,1.13,1.14,1.14,1.16,1.17,1.19,1.21,1.23,1.24,1.26,1.28,1.3,1.31,1.33,1.35,1.36,1.38,1.4,1.42,1.43,1.44,1.44,1.45,1.45,1.45,1.46,1.46,1.46,1.47,1.47,1.47,1.48,1.48,1.48,1.48,1.49,1.49,1.51,1.54,1.56,1.58,1.6,1.63,1.65,1.67,1.7,1.72,1.74,1.76,1.79,1.81,1.83,1.85,1.87,1.89,1.9,1.91,1.93,1.94,1.95,1.97,1.98,1.99,2.01,2.02,2.03,2.05,2.06,2.07,2.09,2.12,2.18,2.23,2.28,2.33,2.38,2.43,2.49,2.54,2.59,2.64,2.69,2.74,2.8,2.85,2.9
723,361,1.19,1.49,1.79,0.7,710.39,727.91,144.58,51.18,53.87,11.79,0.04,0.09,0.13,0.17,0.22,0.26,0.3,0.35,0.39,0.44,0.48,0.52,0.57,0.61,0.65,0.7,0.74,0.78,0.83,0.87,0.91,0.96,1.0,1.04,1.09,1.13,1.17,1.22,1.26,1.3,1.35,1.39,1.44,1.45,1.45,1.46,1.46,1.46,1.46,1.47,1.47,1.47,1.47,1.48,1.48,1.48,1.48,1.49,1.49,1.49,1.49,1.49,1.5,1.5,1.5,1.5,1.51,1.51,1.51,1.51,1.52,1.52,1.52,1.52,1.53,1.53,1.53,1.54,1.55,1.56,1.56,1.57,1.58,1.59,1.6,1.6,1.61,1.62,1.63,1.63,1.64,1.65,1.66,1.67,1.67,1.68,1.69,1.7,1.7,1.71,1.72,1.73,1.74,1.74,1.75,1.76,1.77,1.77,1.78
725,373,0.88,0.82,1.89,0.47,1775.81,1341.0,1410.13,60.39,66.87,23.07,0.42,0.42,0.42,0.43,0.43,0.43,0.43,0.43,0.43,0.43,0.44,0.44,0.44,0.44,0.44,0.45,0.45,0.46,0.46,0.46,0.47,0.47,0.48,0.48,0.48,0.49,0.49,0.5,0.5,0.51,0.52,0.52,0.53,0.54,0.54,0.55,0.56,0.57,0.57,0.58,0.59,0.59,0.6,0.64,0.67,0.7,0.73,0.76,0.79,0.82,0.85,0.88,0.91,0.94,0.97,1.0,1.04,1.04,1.04,1.04,1.04,1.04,1.04,1.04,1.04,1.04,1.04,1.04,1.04,1.04,1.04,1.04,1.04,1.05,1.05,1.05,1.06,1.06,1.06,1.06,1.07,1.07,1.07,1.08,1.08,1.1,1.15,1.21,1.27,1.32,1.38,1.44,1.49,1.55,1.61,1.66,1.72,1.78,1.83
726,375,2.34,2.3,2.97,0.5,444.97,394.0,102.14,16.82,15.11,5.87,1.75,1.76,1.77,1.78,1.8,1.81,1.82,1.83,1.84,1.85,1.86,1.87,1.89,1.9,1.91,1.92,1.93,1.94,1.95,1.96,1.98,1.99,2.0,2.01,2.02,2.03,2.04,2.05,2.06,2.08,2.09,2.1,2.11,2.12,2.13,2.14,2.15,2.17,2.18,2.19,2.2,2.21,2.22,2.23,2.24,2.26,2.27,2.28,2.29,2.3,2.31,2.33,2.34,2.35,2.37,2.38,2.39,2.41,2.42,2.43,2.45,2.46,2.47,2.49,2.5,2.51,2.53,2.54,2.55,2.57,2.58,2.59,2.61,2.62,2.64,2.65,2.66,2.68,2.69,2.7,2.72,2.73,2.74,2.76,2.77,2.78,2.8,2.81,2.82,2.84,2.85,2.86,2.88,2.89,2.9,2.92,2.93,2.94,2.96
749,46,0.3,0.3,0.3,0.0,3552.12,3552.12,0.0,94.58,94.58,0.0,0.3,0.3,0.3,0.3,0.3,0.3,0.3,0.3,0.3,0.3,0.3,0.3,0.3,0.3,0.3,0.3,0.3,0.3,0.3,0.3,0.3,0.3,0.3,0.3,0.3,0.3,0.3,0.3,0.3,0.3,0.3,0.3,0.3,0.3,0.3,0.3,0.3,0.3,0.3,0.3,0.3,0.3,0.3,0.3,0.3,0.3,0.3,0.3,0.3,0.3,0.3,0.3,0.3,0.3,0.3,0.3,0.3,0.3,0.3,0.3,0.3,0.3,0.3,0.3,0.3,0.3,0.3,0.3,0.3,0.3,0.3,0.3,0.3,0.3,0.3,0.3,0.3,0.3,0.3,0.3,0.3,0.3,0.3,0.3,0.3,0.3,0.3,0.3,0.3,0.3,0.3,0.3,0.3,0.3,0.3,0.3,0.3,0.3,0.3
