id,block,far_mean,far_median,far_stddev,ladu_mean,ladu_median,ladu_stddev,os_mean,os_median,os_stddev,far_1,far_2,far_3,far_4,far_5,far_6,far_7,far_8,far_9,far_10,far_11,far_12,far_13,far_14,far_15,far_16,far_17,far_18,far_19,far_20,far_21,far_22,far_23,far_24,far_25,far_26,far_27,far_28,far_29,far_30,far_31,far_32,far_33,far_34,far_35,far_36,far_37,far_38,far_39,far_40,far_41,far_42,far_43,far_44,far_45,far_46,far_47,far_48,far_49,far_50,far_51,far_52,far_53,far_54,far_55,far_56,far_57,far_58,far_59,far_60,far_61,far_62,far_63,far_64,far_65,far_66,far_67,far_68,far_69,far_70,far_71,far_72,far_73,far_74,far_75,far_76,far_77,far_78,far_79,far_80,far_81,far_82,far_83,far_84,far_85,far_86,far_87,far_88,far_89,far_90,far_91,far_92,far_93,far_94,far_95,far_96,far_97,far_98,far_99
86,596,1.2,1.2,0.39,6914.67,6914.67,1608.0,27.25,27.25,8.14,0.82,0.83,0.83,0.84,0.85,0.86,0.86,0.87,0.88,0.89,0.9,0.9,0.91,0.92,0.93,0.93,0.94,0.95,0.96,0.97,0.97,0.98,0.99,1.0,1.01,1.01,1.02,1.03,1.04,1.04,1.05,1.06,1.07,1.08,1.08,1.09,1.1,1.11,1.11,1.12,1.13,1.14,1.15,1.15,1.16,1.17,1.18,1.18,1.19,1.2,1.21,1.22,1.22,1.23,1.24,1.25,1.25,1.26,1.27,1.28,1.29,1.29,1.3,1.31,1.32,1.32,1.33,1.34,1.35,1.36,1.36,1.37,1.38,1.39,1.4,1.4,1.41,1.42,1.43,1.43,1.44,1.45,1.46,1.47,1.47,1.48,1.49,1.5,1.5,1.51,1.52,1.53,1.54,1.54,1.55,1.56,1.57,1.57,1.58
90,593,2.18,2.18,0.07,464.77,464.77,36.23,62.18,62.18,32.2,2.11,2.11,2.11,2.12,2.12,2.12,2.12,2.12,2.12,2.12,2.13,2.13,2.13,2.13,2.13,2.13,2.13,2.14,2.14,2.14,2.14,2.14,2.14,2.14,2.14,2.15,2.15,2.15,2.15,2.15,2.15,2.15,2.16,2.16,2.16,2.16,2.16,2.16,2.16,2.17,2.17,2.17,2.17,2.17,2.17,2.17,2.18,2.18,2.18,2.18,2.18,2.18,2.18,2.19,2.19,2.19,2.19,2.19,2.19,2.19,2.2,2.2,2.2,2.2,2.2,2.2,2.2,2.21,2.21,2.21,2.21,2.21,2.21,2.21,2.22,2.22,2.22,2.22,2.22,2.22,2.22,2.22,2.23,2.23,2.23,2.23,2.23,2.23,2.23,2.24,2.24,2.24,2.24,2.24,2.24,2.24,2.25,2.25,2.25
92,605,2.71,2.82,1.82,7030.33,1880.67,7685.64,11.97,11.36,7.34,0.55,0.56,0.58,0.59,0.61,0.62,0.64,0.65,0.67,0.69,0.7,0.72,0.73,0.75,0.76,0.78,0.8,0.81,0.83,0.84,0.86,0.87,0.89,0.9,0.92,1.0,1.07,1.15,1.22,1.3,1.38,1.45,1.53,1.6,1.68,1.76,1.83,1.91,1.98,2.06,2.14,2.21,2.29,2.36,2.44,2.52,2.59,2.67,2.74,2.82,2.86,2.91,2.95,3.0,3.04,3.09,3.13,3.18,3.22,3.27,3.31,3.36,3.4,3.45,3.49,3.54,3.58,3.63,3.67,3.72,3.76,3.81,3.85,3.9,3.94,4.0,4.05,4.11,4.17,4.22,4.28,4.34,4.39,4.45,4.51,4.56,4.62,4.68,4.74,4.79,4.85,4.91,4.96,5.02,5.08,5.13,5.19,5.25,5.3
93,616,2.24,1.99,1.44,2062.85,859.33,3137.58,45.19,50.27,18.88,0.81,0.86,0.9,0.95,1.0,1.05,1.1,1.14,1.19,1.24,1.29,1.34,1.37,1.38,1.39,1.4,1.41,1.42,1.43,1.44,1.45,1.46,1.47,1.48,1.49,1.49,1.5,1.5,1.5,1.51,1.51,1.51,1.52,1.52,1.52,1.53,1.53,1.55,1.59,1.62,1.66,1.7,1.73,1.77,1.81,1.84,1.88,1.92,1.95,1.99,1.99,1.99,1.99,1.99,1.99,1.99,1.99,1.99,1.99,1.99,1.99,1.99,1.99,2.0,2.01,2.02,2.03,2.04,2.05,2.06,2.07,2.08,2.09,2.1,2.11,2.18,2.25,2.32,2.39,2.46,2.53,2.6,2.67,2.74,2.81,2.88,2.95,3.1,3.34,3.58,3.82,4.06,4.3,4.54,4.78,5.02,5.26,5.5,5.74
103,632,2.35,1.18,2.34,1278.65,549.0,1297.56,33.57,33.66,15.31,0.82,0.83,0.83,0.83,0.84,0.84,0.85,0.85,0.85,0.86,0.86,0.86,0.87,0.87,0.87,0.88,0.88,0.89,0.89,0.9,0.91,0.91,0.92,0.92,0.93,0.94,0.94,0.95,0.95,0.96,0.97,0.97,0.98,0.99,1.0,1.01,1.02,1.04,1.05,1.06,1.07,1.08,1.1,1.11,1.12,1.13,1.14,1.16,1.17,1.18,1.21,1.24,1.28,1.31,1.34,1.37,1.41,1.44,1.47,1.5,1.54,1.57,1.6,1.63,1.67,1.7,1.75,1.83,1.91,1.99,2.07,2.15,2.23,2.31,2.4,2.48,2.56,2.64,2.72,2.8,2.88,2.96,3.04,3.26,3.54,3.83,4.11,4.4,4.68,4.97,5.25,5.53,5.82,6.1,6.39,6.67,6.96,7.24,7.53
104,639,2.67,2.68,1.24,1377.17,1261.91,1081.17,13.29,13.41,10.77,1.0,1.04,1.08,1.12,1.16,1.2,1.24,1.27,1.31,1.35,1.39,1.43,1.47,1.51,1.55,1.59,1.63,1.67,1.71,1.75,1.79,1.82,1.86,1.9,1.94,1.98,2.02,2.06,2.1,2.14,2.18,2.22,2.26,2.29,2.31,2.34,2.36,2.38,2.41,2.43,2.46,2.48,2.51,2.53,2.56,2.58,2.61,2.63,2.66,2.68,2.7,2.73,2.75,2.78,2.8,2.83,2.85,2.88,2.9,2.93,2.95,2.98,3.0,3.02,3.05,3.07,3.1,3.14,3.18,3.22,3.26,3.29,3.33,3.37,3.41,3.45,3.49,3.53,3.56,3.6,3.64,3.68,3.72,3.76,3.79,3.83,3.87,3.91,3.95,3.99,4.02,4.06,4.1,4.14,4.18,4.22,4.25,4.29,4.33
105,650,2.19,1.89,0.75,13544.76,9555.18,14198.79,29.24,32.47,17.11,1.54,1.55,1.56,1.57,1.58,1.59,1.6,1.6,1.61,1.62,1.63,1.64,1.65,1.66,1.67,1.68,1.69,1.7,1.71,1.72,1.73,1.73,1.74,1.75,1.76,1.77,1.78,1.79,1.8,1.81,1.82,1.83,1.84,1.84,1.85,1.85,1.85,1.85,1.86,1.86,1.86,1.87,1.87,1.87,1.88,1.88,1.88,1.88,1.89,1.89,1.89,1.9,1.9,1.9,1.9,1.91,1.91,1.91,1.92,1.92,1.92,1.93,1.93,1.93,1.93,1.94,1.96,2.0,2.05,2.09,2.14,2.18,2.23,2.27,2.32,2.37,2.41,2.46,2.5,2.55,2.59,2.64,2.68,2.73,2.78,2.82,2.87,2.91,2.96,3.0,3.05,3.1,3.14,3.19,3.23,3.28,3.32,3.37,3.41
107,669,1.83,1.82,1.0,11896.43,8960.5,10702.7,17.39,16.32,8.14,0.81,0.81,0.81,0.82,0.82,0.82,0.82,0.82,0.82,0.82,0.83,0.83,0.83,0.83,0.83,0.83,0.84,0.84,0.84,0.84,0.84,0.84,0.84,0.85,0.85,0.85,0.85,0.85,0.85,0.86,0.86,0.86,0.86,0.9,0.96,1.01,1.07,1.13,1.19,1.24,1.3,1.36,1.42,1.47,1.53,1.59,1.65,1.7,1.76,1.82,1.88,1.94,1.99,2.05,2.11,2.17,2.22,2.28,2.34,2.4,2.45,2.51,2.57,2.63,2.68,2.74,2.78,2.78,2.79,2.79,2.79,2.79,2.8,2.8,2.8,2.81,2.81,2.81,2.81,2.82,2.82,2.82,2.82,2.83,2.83,2.83,2.83,2.84,2.84,2.84,2.85,2.85,2.85,2.85,2.86,2.86,2.86,2.86,2.87
128,718,1.96,1.96,0.0,33213.0,33213.0,0.0,83.88,83.88,0.0,1.96,1.96,1.96,1.96,1.96,1.96,1.96,1.96,1.96,1.96,1.96,1.96,1.96,1.96,1.96,1.96,1.96,1.96,1.96,1.96,1.96,1.96,1.96,1.96,1.96,1.96,1.96,1.96,1.96,1.96,1.96,1.96,1.96,1.96,1.96,1.96,1.96,1.96,1.96,1.96,1.96,1.96,1.96,1.96,1.96,1.96,1.96,1.96,1.96,1.96,1.96,1.96,1.96,1.96,1.96,1.96,1.96,1.96,1.96,1.96,1.96,1.96,1.96,1.96,1.96,1.96,1.96,1.96,1.96,1.96,1.96,1.96,1.96,1.96,1.96,1.96,1.96,1.96,1.96,1.96,1.96,1.96,1.96,1.96,1.96,1.96,1.96,1.96,1.96,1.96,1.96,1.96,1.96,1.96,1.96,1.96,1.96,1.96,1.96
164,608,3.34,3.31,1.4,2395.97,1955.02,2061.37,3.79,2.43,3.25,1.5,1.54,1.58,1.62,1.66,1.7,1.74,1.78,1.82,1.86,1.9,1.94,1.97,2.01,2.05,2.09,2.13,2.17,2.21,2.25,2.29,2.33,2.37,2.41,2.45,2.49,2.53,2.57,2.61,2.65,2.69,2.73,2.77,2.8,2.83,2.86,2.9,2.93,2.96,2.99,3.02,3.06,3.09,3.12,3.15,3.18,3.21,3.25,3.28,3.31,3.34,3.37,3.41,3.44,3.47,3.5,3.53,3.56,3.6,3.63,3.66,3.69,3.72,3.76,3.79,3.82,3.85,3.9,3.94,3.98,4.03,4.07,4.11,4.15,4.2,4.24,4.28,4.33,4.37,4.41,4.45,4.5,4.54,4.58,4.63,4.67,4.71,4.76,4.8,4.84,4.88,4.93,4.97,5.01,5.06,5.1,5.14,5.18,5.23
166,631,2.14,1.7,1.2,2244.13,616.0,2597.32,37.46,33.03,35.83,0.29,0.43,0.57,0.71,0.85,0.99,1.13,1.27,1.32,1.32,1.33,1.33,1.33,1.33,1.34,1.34,1.34,1.36,1.37,1.38,1.4,1.41,1.42,1.44,1.45,1.46,1.46,1.47,1.48,1.49,1.49,1.5,1.51,1.51,1.52,1.53,1.53,1.54,1.54,1.55,1.56,1.57,1.58,1.6,1.62,1.63,1.65,1.67,1.68,1.7,1.71,1.72,1.73,1.74,1.75,1.76,1.78,1.79,1.83,1.9,1.96,2.02,2.09,2.15,2.21,2.28,2.34,2.42,2.49,2.57,2.64,2.72,2.79,2.87,2.94,2.95,2.96,2.97,2.98,2.99,3.0,3.02,3.03,3.09,3.17,3.25,3.33,3.42,3.5,3.58,3.66,3.77,3.92,4.07,4.22,4.37,4.52,4.67,4.82
168,644,1.27,1.06,0.33,6427.19,6710.0,3038.42,53.47,51.93,33.8,1.02,1.02,1.02,1.02,1.02,1.02,1.03,1.03,1.03,1.03,1.03,1.03,1.03,1.03,1.03,1.03,1.03,1.03,1.04,1.04,1.04,1.04,1.04,1.04,1.04,1.04,1.04,1.04,1.04,1.04,1.04,1.05,1.05,1.05,1.05,1.05,1.05,1.05,1.05,1.05,1.05,1.05,1.05,1.06,1.06,1.06,1.06,1.06,1.06,1.06,1.07,1.09,1.1,1.11,1.13,1.14,1.16,1.17,1.18,1.2,1.21,1.22,1.24,1.25,1.26,1.28,1.29,1.3,1.32,1.33,1.35,1.36,1.37,1.39,1.4,1.41,1.43,1.44,1.45,1.47,1.48,1.5,1.51,1.52,1.54,1.55,1.56,1.58,1.59,1.6,1.62,1.63,1.64,1.66,1.67,1.69,1.7,1.71,1.73
171,662,1.5,1.4,1.05,3749.43,3304.28,3476.98,40.87,39.8,30.59,0.2,0.23,0.25,0.28,0.3,0.33,0.35,0.37,0.4,0.42,0.45,0.47,0.5,0.52,0.54,0.57,0.59,0.62,0.64,0.67,0.69,0.71,0.74,0.76,0.79,0.81,0.84,0.86,0.88,0.91,0.93,0.96,0.98,1.01,1.03,1.06,1.08,1.1,1.13,1.15,1.18,1.2,1.23,1.25,1.28,1.3,1.33,1.35,1.38,1.4,1.42,1.45,1.47,1.5,1.52,1.55,1.57,1.6,1.62,1.65,1.67,1.7,1.72,1.74,1.77,1.79,1.82,1.86,1.89,1.93,1.97,2.0,2.04,2.07,2.11,2.15,2.18,2.22,2.25,2.29,2.33,2.36,2.4,2.43,2.47,2.51,2.54,2.58,2.61,2.65,2.69,2.72,2.76,2.79,2.83,2.87,2.9,2.94,2.97
200,681,0.9,0.86,0.64,62694.35,63792.5,46240.57,77.3,79.79,19.48,0.18,0.18,0.19,0.2,0.2,0.21,0.22,0.22,0.23,0.24,0.24,0.25,0.26,0.26,0.27,0.28,0.28,0.29,0.3,0.3,0.31,0.32,0.32,0.33,0.34,0.34,0.35,0.35,0.36,0.37,0.37,0.38,0.39,0.41,0.44,0.47,0.49,0.52,0.55,0.58,0.61,0.63,0.66,0.69,0.72,0.75,0.78,0.8,0.83,0.86,0.89,0.92,0.94,0.97,1.0,1.03,1.06,1.09,1.11,1.14,1.17,1.2,1.23,1.25,1.28,1.31,1.33,1.35,1.36,1.37,1.38,1.39,1.4,1.42,1.43,1.44,1.45,1.46,1.47,1.49,1.5,1.51,1.52,1.53,1.54,1.56,1.57,1.58,1.59,1.6,1.61,1.63,1.64,1.65,1.66,1.67,1.68,1.7,1.71
224,357,3.65,3.67,0.72,6235.77,2967.66,8501.62,26.81,14.03,33.61,2.53,2.57,2.6,2.64,2.67,2.7,2.74,2.77,2.81,2.84,2.87,2.91,2.94,2.98,3.01,3.04,3.08,3.11,3.15,3.18,3.19,3.19,3.2,3.2,3.21,3.21,3.22,3.22,3.23,3.24,3.24,3.25,3.25,3.26,3.26,3.27,3.27,3.28,3.28,3.29,3.33,3.37,3.41,3.44,3.48,3.52,3.56,3.6,3.64,3.68,3.71,3.75,3.79,3.83,3.87,3.91,3.94,3.98,4.02,4.06,4.07,4.09,4.1,4.11,4.12,4.14,4.15,4.16,4.18,4.19,4.2,4.22,4.23,4.24,4.26,4.27,4.28,4.29,4.31,4.32,4.33,4.34,4.35,4.37,4.38,4.39,4.4,4.41,4.42,4.44,4.45,4.46,4.47,4.48,4.49,4.5,4.52,4.53,4.54
225,389,2.56,2.12,1.78,1878.67,1053.5,2581.96,25.61,13.53,23.28,0.6,0.63,0.65,0.68,0.71,0.74,0.77,0.79,0.82,0.85,0.88,0.9,0.92,0.93,0.95,0.97,0.99,1.01,1.03,1.05,1.07,1.09,1.11,1.13,1.16,1.18,1.21,1.23,1.25,1.28,1.3,1.33,1.35,1.4,1.47,1.53,1.6,1.66,1.73,1.79,1.86,1.92,1.99,2.05,2.08,2.09,2.1,2.11,2.11,2.12,2.13,2.13,2.14,2.15,2.16,2.2,2.3,2.4,2.5,2.6,2.7,2.8,2.9,3.0,3.1,3.19,3.26,3.27,3.29,3.3,3.31,3.32,3.33,3.34,3.35,3.36,3.37,3.4,3.46,3.53,3.6,3.67,3.74,3.81,3.87,3.94,4.01,4.08,4.17,4.4,4.63,4.86,5.09,5.32,5.55,5.78,6.02,6.25,6.48
226,395,2.62,2.62,0.0,2613.5,2613.5,0.0,24.55,24.55,0.0,2.62,2.62,2.62,2.62,2.62,2.62,2.62,2.62,2.62,2.62,2.62,2.62,2.62,2.62,2.62,2.62,2.62,2.62,2.62,2.62,2.62,2.62,2.62,2.62,2.62,2.62,2.62,2.62,2.62,2.62,2.62,2.62,2.62,2.62,2.62,2.62,2.62,2.62,2.62,2.62,2.62,2.62,2.62,2.62,2.62,2.62,2.62,2.62,2.62,2.62,2.62,2.62,2.62,2.62,2.62,2.62,2.62,2.62,2.62,2.62,2.62,2.62,2.62,2.62,2.62,2.62,2.62,2.62,2.62,2.62,2.62,2.62,2.62,2.62,2.62,2.62,2.62,2.62,2.62,2.62,2.62,2.62,2.62,2.62,2.62,2.62,2.62,2.62,2.62,2.62,2.62,2.62,2.62,2.62,2.62,2.62,2.62,2.62,2.62
227,401,4.09,4.09,0.7,2861.99,2861.99,2633.01,14.79,14.79,8.45,3.4,3.42,3.43,3.45,3.46,3.47,3.49,3.5,3.52,3.53,3.54,3.56,3.57,3.59,3.6,3.61,3.63,3.64,3.66,3.67,3.68,3.7,3.71,3.73,3.74,3.75,3.77,3.78,3.8,3.81,3.82,3.84,3.85,3.87,3.88,3.89,3.91,3.92,3.94,3.95,3.96,3.98,3.99,4.01,4.02,4.03,4.05,4.06,4.08,4.09,4.1,4.12,4.13,4.15,4.16,4.17,4.19,4.2,4.22,4.23,4.24,4.26,4.27,4.29,4.3,4.31,4.33,4.34,4.36,4.37,4.38,4.4,4.41,4.43,4.44,4.45,4.47,4.48,4.5,4.51,4.52,4.54,4.55,4.57,4.58,4.59,4.61,4.62,4.64,4.65,4.66,4.68,4.69,4.71,4.72,4.73,4.75,4.76,4.78
228,405,2.61,2.35,0.9,1801.84,1295.12,1755.67,45.82,43.89,27.99,1.36,1.4,1.43,1.47,1.51,1.55,1.59,1.62,1.66,1.7,1.74,1.78,1.81,1.85,1.89,1.93,1.97,2.0,2.04,2.08,2.09,2.1,2.11,2.12,2.13,2.14,2.15,2.16,2.17,2.18,2.2,2.21,2.22,2.23,2.24,2.25,2.26,2.27,2.28,2.29,2.3,2.3,2.31,2.31,2.32,2.33,2.33,2.34,2.34,2.35,2.36,2.36,2.37,2.37,2.38,2.39,2.39,2.4,2.4,2.41,2.47,2.54,2.6,2.66,2.72,2.79,2.85,2.91,2.98,3.04,3.1,3.17,3.23,3.29,3.36,3.42,3.48,3.54,3.61,3.67,3.68,3.69,3.71,3.72,3.73,3.74,3.75,3.77,3.78,3.79,3.8,3.81,3.83,3.84,3.85,3.86,3.87,3.89,3.9
229,424,2.0,2.0,0.0,792.0,792.0,0.0,1.68,1.68,0.0,2.0,2.0,2.0,2.0,2.0,2.0,2.0,2.0,2.0,2.0,2.0,2.0,2.0,2.0,2.0,2.0,2.0,2.0,2.0,2.0,2.0,2.0,2.0,2.0,2.0,2.0,2.0,2.0,2.0,2.0,2.0,2.0,2.0,2.0,2.0,2.0,2.0,2.0,2.0,2.0,2.0,2.0,2.0,2.0,2.0,2.0,2.0,2.0,2.0,2.0,2.0,2.0,2.0,2.0,2.0,2.0,2.0,2.0,2.0,2.0,2.0,2.0,2.0,2.0,2.0,2.0,2.0,2.0,2.0,2.0,2.0,2.0,2.0,2.0,2.0,2.0,2.0,2.0,2.0,2.0,2.0,2.0,2.0,2.0,2.0,2.0,2.0,2.0,2.0,2.0,2.0,2.0,2.0,2.0,2.0,2.0,2.0,2.0,2.0
231,438,2.07,1.69,1.13,1748.0,1620.34,960.1,13.82,4.99,17.43,0.98,0.99,1.01,1.02,1.04,1.06,1.07,1.09,1.1,1.12,1.13,1.15,1.17,1.18,1.2,1.21,1.23,1.25,1.26,1.28,1.29,1.31,1.33,1.34,1.36,1.37,1.39,1.41,1.42,1.44,1.45,1.47,1.48,1.5,1.51,1.52,1.53,1.55,1.56,1.57,1.58,1.59,1.61,1.62,1.63,1.64,1.65,1.67,1.68,1.69,1.7,1.71,1.73,1.74,1.75,1.76,1.77,1.79,1.8,1.81,1.82,1.83,1.85,1.86,1.87,1.88,1.91,1.97,2.03,2.1,2.16,2.22,2.28,2.34,2.4,2.46,2.53,2.59,2.65,2.71,2.77,2.83,2.89,2.96,3.02,3.08,3.14,3.2,3.26,3.32,3.39,3.45,3.51,3.57,3.63,3.69,3.76,3.82,3.88
234,439,2.41,2.17,1.27,2221.05,1342.84,1973.92,42.74,31.43,35.95,0.43,0.48,0.53,0.58,0.63,0.68,0.73,0.78,0.83,0.88,0.92,1.0,1.08,1.17,1.25,1.33,1.41,1.49,1.58,1.66,1.74,1.82,1.85,1.86,1.88,1.89,1.9,1.92,1.93,1.94,1.96,1.97,1.99,2.0,2.02,2.03,2.05,2.06,2.08,2.09,2.11,2.12,2.14,2.15,2.16,2.16,2.17,2.17,2.17,2.17,2.18,2.18,2.18,2.19,2.19,2.2,2.23,2.26,2.29,2.32,2.35,2.38,2.41,2.44,2.47,2.5,2.54,2.61,2.68,2.75,2.82,2.89,2.96,3.03,3.1,3.18,3.25,3.31,3.35,3.4,3.44,3.49,3.53,3.57,3.62,3.66,3.71,3.75,3.8,3.91,4.01,4.12,4.23,4.33,4.44,4.55,4.65,4.76,4.86
255,637,1.28,1.28,1.14,13676.17,13676.17,3677.17,64.05,64.05,21.91,0.16,0.19,0.21,0.23,0.25,0.28,0.3,0.32,0.34,0.37,0.39,0.41,0.44,0.46,0.48,0.5,0.53,0.55,0.57,0.59,0.62,0.64,0.66,0.68,0.71,0.73,0.75,0.78,0.8,0.82,0.84,0.87,0.89,0.91,0.93,0.96,0.98,1.0,1.03,1.05,1.07,1.09,1.12,1.14,1.16,1.18,1.21,1.23,1.25,1.28,1.3,1.32,1.34,1.37,1.39,1.41,1.43,1.46,1.48,1.5,1.52,1.55,1.57,1.59,1.62,1.64,1.66,1.68,1.71,1.73,1.75,1.77,1.8,1.82,1.84,1.87,1.89,1.91,1.93,1.96,1.98,2.0,2.02,2.05,2.07,2.09,2.11,2.14,2.16,2.18,2.21,2.23,2.25,2.27,2.3,2.32,2.34,2.36,2.39
258,524,1.87,1.1,1.45,1860.47,1216.75,1990.67,49.59,55.05,19.6,0.48,0.51,0.54,0.56,0.58,0.61,0.64,0.66,0.68,0.71,0.74,0.76,0.78,0.81,0.84,0.86,0.88,0.91,0.94,0.96,0.97,0.97,0.98,0.98,0.99,1.0,1.0,1.01,1.01,1.02,1.03,1.03,1.04,1.04,1.05,1.06,1.06,1.07,1.07,1.08,1.08,1.08,1.08,1.09,1.09,1.09,1.09,1.09,1.09,1.1,1.1,1.1,1.1,1.1,1.1,1.1,1.11,1.11,1.11,1.11,1.21,1.31,1.41,1.51,1.61,1.71,1.81,1.91,2.01,2.12,2.22,2.32,2.42,2.52,2.62,2.72,2.82,2.92,3.02,3.12,3.19,3.26,3.33,3.4,3.47,3.54,3.61,3.68,3.75,3.82,3.88,3.95,4.02,4.09,4.16,4.23,4.3,4.37,4.44
259,539,1.45,1.1,1.17,2015.28,702.25,3114.23,64.65,58.4,15.98,0.19,0.22,0.26,0.29,0.32,0.35,0.38,0.42,0.45,0.48,0.51,0.54,0.58,0.61,0.64,0.67,0.7,0.74,0.77,0.8,0.81,0.81,0.82,0.83,0.83,0.84,0.85,0.85,0.86,0.86,0.87,0.88,0.88,0.89,0.9,0.9,0.91,0.92,0.92,0.93,0.95,0.97,0.98,1.0,1.02,1.04,1.05,1.07,1.09,1.1,1.12,1.14,1.16,1.18,1.19,1.21,1.23,1.25,1.26,1.28,1.3,1.32,1.34,1.36,1.38,1.39,1.41,1.43,1.45,1.47,1.49,1.51,1.53,1.55,1.56,1.58,1.6,1.62,1.64,1.66,1.77,1.88,1.99,2.1,2.21,2.32,2.43,2.54,2.65,2.76,2.86,2.97,3.08,3.19,3.3,3.41,3.52,3.63,3.74
262,575,1.59,1.59,0.51,26613.0,26613.0,13554.0,41.86,41.86,3.93,1.09,1.1,1.11,1.12,1.13,1.14,1.15,1.16,1.17,1.18,1.19,1.2,1.21,1.22,1.23,1.24,1.26,1.27,1.28,1.29,1.3,1.31,1.32,1.33,1.34,1.35,1.36,1.37,1.38,1.39,1.4,1.41,1.42,1.43,1.44,1.45,1.46,1.47,1.48,1.49,1.5,1.51,1.52,1.53,1.54,1.55,1.56,1.57,1.58,1.6,1.61,1.62,1.63,1.64,1.65,1.66,1.67,1.68,1.69,1.7,1.71,1.72,1.73,1.74,1.75,1.76,1.77,1.78,1.79,1.8,1.81,1.82,1.83,1.84,1.85,1.86,1.87,1.88,1.89,1.9,1.91,1.92,1.93,1.95,1.96,1.97,1.98,1.99,2.0,2.01,2.02,2.03,2.04,2.05,2.06,2.07,2.08,2.09,2.1
264,489,2.27,2.58,0.85,5277.42,6556.16,3552.11,52.57,48.43,25.5,0.64,0.71,0.78,0.84,0.91,0.98,1.05,1.12,1.19,1.25,1.32,1.39,1.46,1.53,1.6,1.67,1.73,1.8,1.87,1.94,1.96,1.98,2.01,2.03,2.05,2.08,2.1,2.12,2.14,2.16,2.19,2.21,2.23,2.26,2.28,2.3,2.32,2.34,2.37,2.39,2.41,2.43,2.45,2.46,2.48,2.5,2.52,2.54,2.56,2.58,2.59,2.61,2.63,2.65,2.67,2.69,2.7,2.72,2.74,2.76,2.77,2.77,2.78,2.78,2.79,2.79,2.8,2.8,2.81,2.82,2.82,2.83,2.83,2.84,2.84,2.85,2.85,2.86,2.86,2.87,2.88,2.9,2.91,2.92,2.93,2.94,2.96,2.97,2.98,3.0,3.01,3.02,3.03,3.04,3.06,3.07,3.08,3.1,3.11
265,407,2.85,2.83,1.17,664.23,672.33,312.11,36.89,24.63,26.9,1.51,1.52,1.52,1.53,1.53,1.54,1.54,1.55,1.55,1.56,1.56,1.57,1.57,1.58,1.58,1.59,1.59,1.6,1.6,1.61,1.61,1.62,1.62,1.63,1.63,1.68,1.73,1.77,1.82,1.87,1.92,1.97,2.01,2.06,2.11,2.16,2.21,2.25,2.3,2.35,2.4,2.45,2.49,2.54,2.59,2.64,2.69,2.73,2.78,2.83,2.87,2.91,2.94,2.98,3.02,3.06,3.09,3.13,3.17,3.21,3.24,3.28,3.32,3.36,3.39,3.43,3.47,3.51,3.54,3.58,3.62,3.66,3.69,3.73,3.77,3.8,3.83,3.86,3.89,3.92,3.95,3.98,4.01,4.04,4.07,4.1,4.13,4.15,4.18,4.21,4.24,4.27,4.3,4.33,4.36,4.39,4.42,4.45,4.48
269,592,2.41,1.04,3.26,5143.85,3218.09,4046.85,33.23,23.98,26.68,0.73,0.74,0.74,0.74,0.74,0.75,0.75,0.75,0.76,0.76,0.76,0.77,0.77,0.77,0.78,0.78,0.78,0.78,0.79,0.79,0.8,0.8,0.81,0.81,0.82,0.82,0.83,0.83,0.84,0.84,0.85,0.86,0.86,0.87,0.87,0.88,0.88,0.89,0.89,0.9,0.91,0.93,0.94,0.96,0.97,0.98,1.0,1.01,1.03,1.04,1.05,1.07,1.08,1.1,1.11,1.12,1.14,1.15,1.17,1.18,1.18,1.18,1.18,1.18,1.18,1.18,1.18,1.18,1.18,1.18,1.18,1.18,1.18,1.18,1.18,1.18,1.18,1.18,1.18,1.18,1.61,2.03,2.46,2.88,3.3,3.73,4.15,4.58,5.01,5.43,5.85,6.28,6.71,7.13,7.56,7.98,8.4,8.83,9.26
282,408,2.21,2.12,0.28,5271.16,204.23,7197.9,41.82,43.41,6.13,1.91,1.92,1.92,1.93,1.93,1.94,1.94,1.94,1.95,1.95,1.96,1.96,1.96,1.97,1.97,1.98,1.98,1.99,1.99,1.99,2.0,2.0,2.01,2.01,2.02,2.02,2.02,2.03,2.03,2.04,2.04,2.04,2.05,2.05,2.06,2.06,2.07,2.07,2.07,2.08,2.08,2.09,2.09,2.09,2.1,2.1,2.11,2.11,2.12,2.12,2.13,2.14,2.15,2.16,2.17,2.18,2.19,2.2,2.2,2.21,2.22,2.23,2.24,2.25,2.26,2.27,2.28,2.29,2.3,2.31,2.32,2.33,2.34,2.35,2.36,2.36,2.37,2.38,2.39,2.4,2.41,2.42,2.43,2.44,2.45,2.46,2.47,2.48,2.49,2.5,2.51,2.51,2.52,2.53,2.54,2.55,2.56,2.57,2.58
287,440,1.8,1.7,0.43,528.35,498.68,106.17,59.21,60.99,12.26,1.27,1.28,1.3,1.31,1.32,1.33,1.34,1.36,1.37,1.38,1.39,1.4,1.42,1.43,1.44,1.45,1.46,1.48,1.49,1.5,1.51,1.52,1.54,1.55,1.56,1.57,1.57,1.58,1.58,1.59,1.59,1.6,1.6,1.61,1.62,1.62,1.63,1.63,1.64,1.64,1.65,1.66,1.66,1.67,1.67,1.68,1.68,1.69,1.69,1.7,1.71,1.72,1.73,1.74,1.75,1.76,1.77,1.78,1.79,1.8,1.81,1.82,1.83,1.84,1.85,1.86,1.87,1.88,1.89,1.9,1.91,1.92,1.93,1.94,1.95,1.97,2.0,2.02,2.05,2.07,2.09,2.12,2.14,2.17,2.19,2.21,2.24,2.26,2.29,2.31,2.33,2.36,2.38,2.41,2.43,2.45,2.48,2.5,2.53
288,453,1.16,1.16,0.53,4234.12,4234.12,1734.62,29.9,29.9,7.21,0.64,0.65,0.66,0.67,0.68,0.69,0.7,0.71,0.73,0.74,0.75,0.76,0.77,0.78,0.79,0.8,0.81,0.82,0.83,0.84,0.85,0.86,0.87,0.88,0.9,0.91,0.92,0.93,0.94,0.95,0.96,0.97,0.98,0.99,1.0,1.01,1.02,1.03,1.04,1.05,1.06,1.08,1.09,1.1,1.11,1.12,1.13,1.14,1.15,1.16,1.17,1.18,1.19,1.2,1.21,1.22,1.23,1.24,1.26,1.27,1.28,1.29,1.3,1.31,1.32,1.33,1.34,1.35,1.36,1.37,1.38,1.39,1.4,1.41,1.42,1.44,1.45,1.46,1.47,1.48,1.49,1.5,1.51,1.52,1.53,1.54,1.55,1.56,1.57,1.58,1.59,1.61,1.62,1.63,1.64,1.65,1.66,1.67,1.68
290,493,2.36,2.46,1.13,2795.62,442.82,3463.56,72.88,75.88,21.82,0.25,0.35,0.46,0.57,0.67,0.78,0.89,0.99,1.1,1.2,1.31,1.42,1.52,1.63,1.74,1.84,1.95,2.06,2.16,2.27,2.28,2.28,2.28,2.29,2.3,2.3,2.31,2.31,2.32,2.32,2.33,2.33,2.34,2.34,2.34,2.35,2.36,2.36,2.37,2.37,2.38,2.39,2.4,2.41,2.42,2.42,2.43,2.44,2.45,2.46,2.47,2.48,2.49,2.5,2.5,2.51,2.52,2.53,2.54,2.55,2.57,2.59,2.61,2.62,2.64,2.66,2.68,2.7,2.72,2.74,2.75,2.77,2.79,2.81,2.83,2.85,2.86,2.88,2.9,2.92,2.97,3.02,3.07,3.12,3.17,3.22,3.27,3.32,3.37,3.42,3.47,3.52,3.57,3.62,3.67,3.72,3.77,3.82,3.87
294,501,1.95,2.18,0.69,683.46,218.3,707.11,80.24,79.39,10.33,1.04,1.07,1.09,1.11,1.14,1.16,1.18,1.21,1.23,1.25,1.28,1.3,1.32,1.34,1.37,1.39,1.41,1.44,1.46,1.48,1.51,1.53,1.55,1.58,1.6,1.62,1.65,1.67,1.69,1.72,1.74,1.76,1.79,1.81,1.83,1.86,1.88,1.9,1.92,1.95,1.97,1.99,2.02,2.04,2.06,2.09,2.11,2.13,2.16,2.18,2.19,2.2,2.21,2.22,2.23,2.24,2.25,2.26,2.26,2.27,2.28,2.29,2.3,2.31,2.32,2.33,2.34,2.35,2.36,2.37,2.38,2.39,2.4,2.41,2.42,2.42,2.43,2.44,2.45,2.46,2.47,2.48,2.49,2.5,2.51,2.52,2.53,2.54,2.55,2.56,2.57,2.57,2.58,2.59,2.6,2.61,2.62,2.63,2.64
295,506,1.45,0.94,0.77,4148.72,2500.5,2980.85,48.25,62.13,23.32,0.86,0.86,0.86,0.87,0.87,0.87,0.87,0.87,0.87,0.88,0.88,0.88,0.88,0.88,0.88,0.89,0.89,0.89,0.89,0.89,0.89,0.9,0.9,0.9,0.9,0.9,0.9,0.9,0.91,0.91,0.91,0.91,0.91,0.91,0.92,0.92,0.92,0.92,0.92,0.92,0.93,0.93,0.93,0.93,0.93,0.93,0.94,0.94,0.94,0.94,0.97,1.0,1.04,1.07,1.1,1.13,1.16,1.2,1.23,1.26,1.29,1.32,1.36,1.39,1.42,1.45,1.48,1.52,1.55,1.58,1.61,1.64,1.68,1.71,1.74,1.77,1.8,1.84,1.87,1.9,1.93,1.96,2.0,2.03,2.06,2.09,2.12,2.16,2.19,2.22,2.25,2.28,2.32,2.35,2.38,2.41,2.44,2.48,2.51
297,570,2.13,2.37,0.82,4422.76,2114.0,5622.02,41.41,43.57,24.48,0.95,0.96,0.97,0.97,0.98,0.99,1.0,1.01,1.02,1.02,1.03,1.04,1.05,1.06,1.07,1.07,1.1,1.15,1.21,1.26,1.32,1.37,1.43,1.48,1.54,1.59,1.64,1.7,1.75,1.81,1.86,1.92,1.97,2.01,2.03,2.05,2.07,2.1,2.12,2.14,2.16,2.19,2.21,2.23,2.26,2.28,2.3,2.32,2.35,2.37,2.38,2.39,2.4,2.41,2.42,2.42,2.43,2.44,2.45,2.46,2.47,2.48,2.49,2.5,2.51,2.51,2.52,2.53,2.53,2.53,2.54,2.54,2.55,2.55,2.55,2.56,2.56,2.57,2.57,2.58,2.58,2.58,2.59,2.62,2.68,2.73,2.78,2.83,2.88,2.93,2.99,3.04,3.09,3.14,3.19,3.24,3.3,3.35,3.4
302,372,1.49,1.49,0.0,497.58,497.58,0.0,83.42,83.42,0.0,1.49,1.49,1.49,1.49,1.49,1.49,1.49,1.49,1.49,1.49,1.49,1.49,1.49,1.49,1.49,1.49,1.49,1.49,1.49,1.49,1.49,1.49,1.49,1.49,1.49,1.49,1.49,1.49,1.49,1.49,1.49,1.49,1.49,1.49,1.49,1.49,1.49,1.49,1.49,1.49,1.49,1.49,1.49,1.49,1.49,1.49,1.49,1.49,1.49,1.49,1.49,1.49,1.49,1.49,1.49,1.49,1.49,1.49,1.49,1.49,1.49,1.49,1.49,1.49,1.49,1.49,1.49,1.49,1.49,1.49,1.49,1.49,1.49,1.49,1.49,1.49,1.49,1.49,1.49,1.49,1.49,1.49,1.49,1.49,1.49,1.49,1.49,1.49,1.49,1.49,1.49,1.49,1.49,1.49,1.49,1.49,1.49,1.49,1.49
304,444,2.1,2.1,0.26,5465.07,5465.07,5035.93,53.5,53.5,7.35,1.85,1.85,1.86,1.86,1.87,1.87,1.88,1.88,1.89,1.89,1.9,1.9,1.91,1.91,1.92,1.92,1.93,1.93,1.94,1.94,1.95,1.95,1.96,1.96,1.97,1.97,1.98,1.98,1.99,1.99,2.0,2.0,2.01,2.01,2.02,2.02,2.03,2.03,2.04,2.04,2.05,2.05,2.06,2.06,2.07,2.07,2.08,2.08,2.09,2.1,2.1,2.11,2.11,2.12,2.12,2.13,2.13,2.14,2.14,2.15,2.15,2.16,2.16,2.17,2.17,2.18,2.18,2.19,2.19,2.2,2.2,2.21,2.21,2.22,2.22,2.23,2.23,2.24,2.24,2.25,2.25,2.26,2.26,2.27,2.27,2.28,2.28,2.29,2.29,2.3,2.3,2.31,2.31,2.32,2.32,2.33,2.33,2.34,2.34
305,365,1.84,1.84,0.0,359.81,359.81,0.0,56.04,56.04,0.0,1.84,1.84,1.84,1.84,1.84,1.84,1.84,1.84,1.84,1.84,1.84,1.84,1.84,1.84,1.84,1.84,1.84,1.84,1.84,1.84,1.84,1.84,1.84,1.84,1.84,1.84,1.84,1.84,1.84,1.84,1.84,1.84,1.84,1.84,1.84,1.84,1.84,1.84,1.84,1.84,1.84,1.84,1.84,1.84,1.84,1.84,1.84,1.84,1.84,1.84,1.84,1.84,1.84,1.84,1.84,1.84,1.84,1.84,1.84,1.84,1.84,1.84,1.84,1.84,1.84,1.84,1.84,1.84,1.84,1.84,1.84,1.84,1.84,1.84,1.84,1.84,1.84,1.84,1.84,1.84,1.84,1.84,1.84,1.84,1.84,1.84,1.84,1.84,1.84,1.84,1.84,1.84,1.84,1.84,1.84,1.84,1.84,1.84,1.84
317,517,1.1,1.1,0.0,47878.0,47878.0,0.0,72.43,72.43,0.0,1.1,1.1,1.1,1.1,1.1,1.1,1.1,1.1,1.1,1.1,1.1,1.1,1.1,1.1,1.1,1.1,1.1,1.1,1.1,1.1,1.1,1.1,1.1,1.1,1.1,1.1,1.1,1.1,1.1,1.1,1.1,1.1,1.1,1.1,1.1,1.1,1.1,1.1,1.1,1.1,1.1,1.1,1.1,1.1,1.1,1.1,1.1,1.1,1.1,1.1,1.1,1.1,1.1,1.1,1.1,1.1,1.1,1.1,1.1,1.1,1.1,1.1,1.1,1.1,1.1,1.1,1.1,1.1,1.1,1.1,1.1,1.1,1.1,1.1,1.1,1.1,1.1,1.1,1.1,1.1,1.1,1.1,1.1,1.1,1.1,1.1,1.1,1.1,1.1,1.1,1.1,1.1,1.1,1.1,1.1,1.1,1.1,1.1,1.1
318,426,2.03,1.69,0.84,534.05,495.43,208.44,48.83,54.89,8.83,1.22,1.23,1.24,1.25,1.26,1.27,1.28,1.29,1.3,1.31,1.32,1.33,1.33,1.34,1.35,1.36,1.37,1.38,1.39,1.4,1.41,1.42,1.43,1.44,1.45,1.46,1.47,1.48,1.49,1.5,1.51,1.52,1.53,1.54,1.55,1.56,1.57,1.57,1.58,1.59,1.6,1.61,1.62,1.63,1.64,1.65,1.66,1.67,1.68,1.69,1.72,1.75,1.78,1.81,1.84,1.87,1.9,1.93,1.96,1.99,2.02,2.05,2.08,2.11,2.14,2.17,2.2,2.23,2.26,2.29,2.32,2.35,2.38,2.41,2.44,2.46,2.49,2.52,2.55,2.58,2.61,2.64,2.67,2.7,2.73,2.76,2.79,2.82,2.85,2.88,2.91,2.94,2.97,3.0,3.03,3.06,3.09,3.12,3.15
319,384,0.74,0.74,0.6,5950.06,5950.06,5225.94,66.44,66.44,4.02,0.15,0.16,0.18,0.19,0.2,0.21,0.22,0.24,0.25,0.26,0.27,0.28,0.3,0.31,0.32,0.33,0.34,0.36,0.37,0.38,0.39,0.4,0.42,0.43,0.44,0.45,0.46,0.48,0.49,0.5,0.51,0.52,0.54,0.55,0.56,0.57,0.58,0.6,0.61,0.62,0.63,0.64,0.66,0.67,0.68,0.69,0.7,0.72,0.73,0.74,0.75,0.76,0.78,0.79,0.8,0.81,0.82,0.84,0.85,0.86,0.87,0.88,0.9,0.91,0.92,0.93,0.94,0.96,0.97,0.98,0.99,1.0,1.02,1.03,1.04,1.05,1.06,1.08,1.09,1.1,1.11,1.12,1.14,1.15,1.16,1.17,1.18,1.2,1.21,1.22,1.23,1.24,1.26,1.27,1.28,1.29,1.3,1.32,1.33
321,490,3.03,2.48,1.75,836.99,391.0,668.05,31.85,23.54,15.54,0.84,0.89,0.95,1.0,1.05,1.1,1.16,1.21,1.26,1.31,1.37,1.42,1.47,1.52,1.58,1.63,1.68,1.73,1.79,1.84,1.89,1.94,2.0,2.05,2.1,2.12,2.13,2.15,2.16,2.18,2.19,2.21,2.22,2.24,2.25,2.27,2.28,2.3,2.31,2.33,2.34,2.36,2.37,2.39,2.4,2.42,2.43,2.45,2.46,2.48,2.53,2.59,2.64,2.69,2.75,2.8,2.86,2.91,2.96,3.02,3.07,3.12,3.18,3.23,3.28,3.34,3.39,3.44,3.5,3.55,3.61,3.66,3.71,3.77,3.82,3.9,3.99,4.07,4.16,4.24,4.33,4.41,4.5,4.58,4.67,4.75,4.84,4.92,5.01,5.09,5.18,5.26,5.35,5.43,5.52,5.6,5.69,5.77,5.86
322,584,2.52,2.52,0.33,5386.41,5386.41,2019.41,39.62,39.62,31.14,2.2,2.2,2.21,2.22,2.22,2.23,2.24,2.24,2.25,2.26,2.26,2.27,2.28,2.28,2.29,2.3,2.3,2.31,2.32,2.32,2.33,2.34,2.34,2.35,2.36,2.36,2.37,2.38,2.38,2.39,2.4,2.4,2.41,2.42,2.42,2.43,2.44,2.44,2.45,2.46,2.46,2.47,2.48,2.48,2.49,2.5,2.5,2.51,2.52,2.52,2.53,2.54,2.55,2.55,2.56,2.57,2.57,2.58,2.59,2.59,2.6,2.61,2.61,2.62,2.63,2.63,2.64,2.65,2.65,2.66,2.67,2.67,2.68,2.69,2.69,2.7,2.71,2.71,2.72,2.73,2.73,2.74,2.75,2.75,2.76,2.77,2.77,2.78,2.79,2.79,2.8,2.81,2.81,2.82,2.83,2.83,2.84,2.85,2.85
323,433,3.06,3.06,0.06,348.75,348.75,58.89,33.5,33.5,3.97,3.0,3.0,3.0,3.01,3.01,3.01,3.01,3.01,3.01,3.01,3.01,3.02,3.02,3.02,3.02,3.02,3.02,3.02,3.02,3.03,3.03,3.03,3.03,3.03,3.03,3.03,3.04,3.04,3.04,3.04,3.04,3.04,3.04,3.04,3.05,3.05,3.05,3.05,3.05,3.05,3.05,3.05,3.06,3.06,3.06,3.06,3.06,3.06,3.06,3.06,3.07,3.07,3.07,3.07,3.07,3.07,3.07,3.08,3.08,3.08,3.08,3.08,3.08,3.08,3.08,3.09,3.09,3.09,3.09,3.09,3.09,3.09,3.09,3.1,3.1,3.1,3.1,3.1,3.1,3.1,3.11,3.11,3.11,3.11,3.11,3.11,3.11,3.11,3.12,3.12,3.12,3.12,3.12,3.12,3.12,3.12,3.13,3.13,3.13
424,122,0.74,0.74,0.08,1168.08,1168.08,474.93,78.34,78.34,11.48,0.66,0.66,0.67,0.67,0.67,0.67,0.67,0.67,0.68,0.68,0.68,0.68,0.68,0.68,0.69,0.69,0.69,0.69,0.69,0.69,0.7,0.7,0.7,0.7,0.7,0.7,0.71,0.71,0.71,0.71,0.71,0.71,0.72,0.72,0.72,0.72,0.72,0.72,0.73,0.73,0.73,0.73,0.73,0.73,0.74,0.74,0.74,0.74,0.74,0.74,0.75,0.75,0.75,0.75,0.75,0.76,0.76,0.76,0.76,0.76,0.76,0.77,0.77,0.77,0.77,0.77,0.77,0.78,0.78,0.78,0.78,0.78,0.78,0.79,0.79,0.79,0.79,0.79,0.79,0.8,0.8,0.8,0.8,0.8,0.8,0.81,0.81,0.81,0.81,0.81,0.81,0.82,0.82,0.82,0.82,0.82,0.82,0.83,0.83
440,345,2.96,2.52,1.26,4565.6,3226.0,2983.05,31.23,12.54,35.5,0.76,0.85,0.95,1.05,1.14,1.24,1.34,1.44,1.53,1.63,1.7,1.76,1.82,1.89,1.96,2.02,2.08,2.15,2.22,2.28,2.3,2.32,2.34,2.36,2.38,2.39,2.41,2.43,2.45,2.47,2.47,2.47,2.48,2.48,2.48,2.48,2.48,2.49,2.49,2.49,2.49,2.5,2.5,2.5,2.5,2.51,2.51,2.51,2.52,2.52,2.57,2.61,2.66,2.7,2.75,2.8,2.84,2.89,2.93,2.98,3.05,3.12,3.19,3.26,3.34,3.41,3.48,3.55,3.62,3.69,3.71,3.72,3.74,3.76,3.78,3.79,3.81,3.83,3.84,3.86,3.97,4.08,4.18,4.29,4.4,4.51,4.62,4.72,4.83,4.94,4.95,4.95,4.96,4.96,4.97,4.98,4.98,4.99,4.99
441,355,3.68,4.05,0.98,3828.48,3949.62,2471.39,25.64,24.3,10.53,1.63,1.69,1.74,1.79,1.85,1.9,1.95,2.0,2.06,2.11,2.16,2.28,2.39,2.51,2.63,2.75,2.87,2.99,3.11,3.23,3.34,3.46,3.51,3.54,3.57,3.6,3.63,3.66,3.69,3.71,3.74,3.77,3.8,3.82,3.84,3.87,3.89,3.91,3.93,3.95,3.97,3.99,4.01,4.03,4.04,4.04,4.05,4.05,4.05,4.06,4.06,4.06,4.06,4.07,4.07,4.07,4.07,4.07,4.07,4.07,4.07,4.08,4.08,4.08,4.08,4.08,4.08,4.08,4.09,4.09,4.09,4.09,4.1,4.1,4.1,4.11,4.11,4.12,4.16,4.19,4.23,4.27,4.3,4.34,4.38,4.41,4.45,4.49,4.52,4.56,4.59,4.63,4.66,4.69,4.73,4.76,4.8,4.83,4.87
442,356,1.32,0.98,0.81,6801.53,3163.0,10642.56,58.77,61.74,11.48,0.8,0.8,0.81,0.81,0.82,0.82,0.83,0.83,0.84,0.84,0.85,0.85,0.86,0.87,0.87,0.88,0.88,0.89,0.89,0.9,0.9,0.91,0.91,0.92,0.92,0.93,0.94,0.94,0.95,0.95,0.96,0.96,0.97,0.97,0.97,0.97,0.97,0.97,0.97,0.97,0.97,0.98,0.98,0.98,0.98,0.98,0.98,0.98,0.98,0.98,0.98,0.98,0.98,0.98,0.99,0.99,0.99,0.99,0.99,0.99,0.99,0.99,1.0,1.0,1.0,1.0,1.01,1.03,1.05,1.07,1.09,1.12,1.14,1.16,1.18,1.2,1.22,1.24,1.27,1.29,1.31,1.33,1.35,1.44,1.55,1.66,1.78,1.89,2.01,2.12,2.23,2.35,2.46,2.58,2.69,2.8,2.92,3.03,3.15
443,376,3.23,3.42,0.89,2851.01,1783.5,1884.18,10.5,12.03,5.44,1.77,1.81,1.85,1.89,1.93,1.98,2.02,2.06,2.1,2.14,2.18,2.22,2.26,2.3,2.34,2.39,2.43,2.47,2.51,2.55,2.59,2.62,2.66,2.69,2.73,2.77,2.8,2.84,2.87,2.91,2.95,2.98,3.02,3.05,3.09,3.13,3.16,3.2,3.23,3.27,3.29,3.3,3.32,3.33,3.35,3.36,3.38,3.39,3.41,3.42,3.44,3.46,3.47,3.49,3.5,3.52,3.53,3.55,3.56,3.58,3.59,3.59,3.6,3.6,3.61,3.61,3.62,3.62,3.63,3.64,3.64,3.65,3.65,3.66,3.66,3.67,3.67,3.68,3.68,3.69,3.73,3.78,3.82,3.86,3.9,3.95,3.99,4.03,4.08,4.12,4.16,4.21,4.25,4.29,4.34,4.38,4.42,4.46,4.51
444,380,2.79,3.15,0.62,2539.24,376.02,3107.21,49.03,37.05,27.49,1.94,1.97,1.99,2.02,2.04,2.07,2.09,2.12,2.14,2.17,2.19,2.22,2.24,2.26,2.29,2.31,2.34,2.36,2.39,2.41,2.44,2.46,2.49,2.51,2.54,2.56,2.58,2.61,2.63,2.66,2.68,2.71,2.73,2.76,2.78,2.81,2.83,2.85,2.88,2.9,2.93,2.95,2.98,3.0,3.03,3.05,3.08,3.1,3.13,3.15,3.15,3.16,3.16,3.16,3.17,3.17,3.17,3.18,3.18,3.18,3.19,3.19,3.19,3.19,3.2,3.2,3.2,3.21,3.21,3.21,3.22,3.22,3.22,3.23,3.23,3.23,3.24,3.24,3.24,3.25,3.25,3.25,3.26,3.26,3.26,3.27,3.27,3.27,3.27,3.28,3.28,3.28,3.29,3.29,3.29,3.3,3.3,3.3,3.31
445,396,1.91,1.86,0.78,2346.08,1963.14,2053.14,36.59,32.51,23.58,0.85,0.86,0.86,0.87,0.87,0.88,0.88,0.89,0.89,0.9,0.9,0.93,0.97,1.0,1.04,1.08,1.11,1.15,1.18,1.22,1.26,1.29,1.32,1.35,1.37,1.4,1.42,1.45,1.48,1.5,1.53,1.56,1.58,1.6,1.62,1.64,1.65,1.67,1.69,1.7,1.72,1.74,1.76,1.77,1.79,1.8,1.82,1.83,1.85,1.86,1.88,1.9,1.91,1.93,1.94,1.95,1.96,1.97,1.98,1.99,2.0,2.01,2.02,2.03,2.04,2.04,2.06,2.11,2.15,2.19,2.23,2.28,2.32,2.36,2.4,2.44,2.49,2.52,2.54,2.55,2.56,2.58,2.59,2.6,2.62,2.63,2.64,2.66,2.68,2.75,2.82,2.9,2.97,3.04,3.12,3.19,3.26,3.33,3.41
618,388,1.02,1.02,0.11,992.54,993.0,12.05,50.38,49.85,9.47,0.78,0.8,0.82,0.84,0.86,0.88,0.9,0.92,0.94,0.96,0.98,1.0,1.01,1.01,1.01,1.01,1.01,1.01,1.01,1.01,1.01,1.01,1.01,1.01,1.01,1.01,1.01,1.01,1.01,1.01,1.01,1.01,1.01,1.01,1.01,1.01,1.01,1.01,1.01,1.01,1.01,1.01,1.01,1.02,1.02,1.02,1.02,1.02,1.02,1.02,1.02,1.02,1.02,1.02,1.02,1.02,1.02,1.02,1.02,1.02,1.02,1.02,1.02,1.02,1.02,1.02,1.02,1.02,1.03,1.03,1.03,1.03,1.03,1.03,1.03,1.04,1.04,1.05,1.06,1.06,1.07,1.07,1.08,1.09,1.09,1.1,1.11,1.11,1.12,1.12,1.13,1.14,1.14,1.15,1.15,1.16,1.16,1.17,1.17
669,430,2.63,2.63,0.0,72891.0,72891.0,0.0,99.31,99.31,0.0,2.63,2.63,2.63,2.63,2.63,2.63,2.63,2.63,2.63,2.63,2.63,2.63,2.63,2.63,2.63,2.63,2.63,2.63,2.63,2.63,2.63,2.63,2.63,2.63,2.63,2.63,2.63,2.63,2.63,2.63,2.63,2.63,2.63,2.63,2.63,2.63,2.63,2.63,2.63,2.63,2.63,2.63,2.63,2.63,2.63,2.63,2.63,2.63,2.63,2.63,2.63,2.63,2.63,2.63,2.63,2.63,2.63,2.63,2.63,2.63,2.63,2.63,2.63,2.63,2.63,2.63,2.63,2.63,2.63,2.63,2.63,2.63,2.63,2.63,2.63,2.63,2.63,2.63,2.63,2.63,2.63,2.63,2.63,2.63,2.63,2.63,2.63,2.63,2.63,2.63,2.63,2.63,2.63,2.63,2.63,2.63,2.63,2.63,2.63
728,360,0.63,0.63,0.0,40000.0,40000.0,0.0,37.0,37.0,0.0,0.63,0.63,0.63,0.63,0.63,0.63,0.63,0.63,0.63,0.63,0.63,0.63,0.63,0.63,0.63,0.63,0.63,0.63,0.63,0.63,0.63,0.63,0.63,0.63,0.63,0.63,0.63,0.63,0.63,0.63,0.63,0.63,0.63,0.63,0.63,0.63,0.63,0.63,0.63,0.63,0.63,0.63,0.63,0.63,0.63,0.63,0.63,0.63,0.63,0.63,0.63,0.63,0.63,0.63,0.63,0.63,0.63,0.63,0.63,0.63,0.63,0.63,0.63,0.63,0.63,0.63,0.63,0.63,0.63,0.63,0.63,0.63,0.63,0.63,0.63,0.63,0.63,0.63,0.63,0.63,0.63,0.63,0.63,0.63,0.63,0.63,0.63,0.63,0.63,0.63,0.63,0.63,0.63,0.63,0.63,0.63,0.63,0.63,0.63
